Code,Year,Number_yaws,polio_cases,cases_guinea_worm,Number_rabies,Number_malaria,Number_hiv,Number_tuberculosis,Number_smallpox,Number_cholera_cases
AFG,1980,,6160,0,,,,,,
AFG,1981,,5859,0,,,,,,
AFG,1982,,9730,0,,,,,,
AFG,1983,,13937,0,,,,,,
AFG,1984,,3864,0,,,,,,
AFG,1985,,13867,0,,,,,,
AFG,1986,,12901,0,,,,,,
AFG,1987,,4396,0,,,,,,
AFG,1988,,2149,0,,,,,,
AFG,1989,,385,0,,,,,,
AFG,1990,,336,0,2.145772,1219845.8,87.665596,16303.112,,
AFG,1991,,14,0,2.3209748,1132781.5,103.77359,17582.254,,
AFG,1995,,0,0,3.126361,725758.3,143.54527,22163.428,,19903
AFG,1997,,21,0,3.446122,605853.06,160.59525,23140.863,,4170
AFG,1998,,65,0,3.5570247,547045.4,164.60725,23179.447,,10000
AFG,1999,,167,0,3.607037,502898.88,168.99359,22944.182,,24639
AFG,2000,,133,0,3.6362348,491614.72,177.66675,22879.678,,4330
AFG,2001,,22,0,3.7118323,511626.2,192.51457,23330.46,,4499
AFG,2002,,11,0,3.841707,546030.6,208.17296,24148.05,,3
AFG,2003,,9,0,3.914814,574740.3,220.20476,24519.38,,41
AFG,2004,,4,0,3.9608393,601074,233.17265,24681.549,,
AFG,2005,,10,0,3.9896567,625202.75,244.33427,24736.137,,33
AFG,2006,,34,0,3.929627,605759,252.45116,24318.215,,
AFG,2007,,19,0,3.826987,540832.3,268.99326,23911.043,,
AFG,2008,,34,0,3.7016175,453018.84,282.07034,23510.375,,4384
AFG,2009,,42,0,3.568791,368269,290.23172,23083.846,,662
AFG,2010,,33,0,3.4966226,324376.8,301.3223,22966.498,,2369
AFG,2011,,90,0,3.4693305,313173.53,330.21848,23015.777,,3733
AFG,2012,,51,0,3.4304512,303789.6,459.22284,23064.814,,12
AFG,2013,,19,0,3.3869221,297651.5,525.6841,23117.854,,3957
AFG,2014,,31,0,3.3300812,294260.03,592.7875,23040.713,,45481
AFG,2015,,22,0,3.3108234,298038.5,669.6386,23044.637,,58064
AFG,2016,,14,0,3.3374228,345016.8,718.0141,23112.873,,677
AFG,2017,,16,0,3.379239,427513.62,765.24567,23483.064,,33
AFG,2018,,23,0,3.3948505,629438.06,810.9223,23930.367,,
AFG,2019,,32,0,3.387213,998712.1,849.66254,23717.326,,2
AFG,2020,,404,0,,,,,,
AGO,1980,,224,0,,,,,,
AGO,1981,,84,0,,,,,,
AGO,1982,,42,0,,,,,,
AGO,1983,,0,0,,,,,,
AGO,1984,,21,0,,,,,,
AGO,1985,,98,0,,,,,,
AGO,1986,,259,0,,,,,,
AGO,1987,,105,0,,,,,,16222
AGO,1988,,0,0,,,,,,15500
AGO,1989,,0,0,,,,,,17601
AGO,1991,,0,0,15.457628,3509191.5,3828.9988,31776.87,,8590
AGO,1992,,0,0,15.613657,3633420.5,5121.842,32864.617,,3608
AGO,1993,,1043,0,15.721999,3761338.8,6623.8984,33963.746,,
AGO,1994,,378,0,15.794446,3894744,8285.543,35081.34,,3443
AGO,1995,,1064,0,15.855254,4036519.2,10038.777,36252.2,,3295
AGO,1996,,90,0,15.808929,4185122,11805.031,37436.49,,1306
AGO,1997,,17,0,15.596138,4338616,13511.703,38623.605,,
AGO,1998,,8,0,15.278044,4495673,15092.233,39828.668,,
AGO,1999,,1224,0,14.939104,4658156,16503.838,41103.375,,
AGO,2000,,128,0,14.682077,4828811,17736.984,42523.562,,
AGO,2001,,2,0,14.48669,5013270.5,18791.828,44091.53,,
AGO,2002,,0,0,14.274555,5212388.5,19714.244,45769.617,,
AGO,2003,,0,0,14.057841,5418972,20583.143,47526.805,,
AGO,2004,,0,0,13.846846,5623625.5,21474.666,49314.883,,
AGO,2005,,11,0,13.6558,5815446,22352.492,51101.008,,0
AGO,2006,,2,0,13.443765,5747149,23393.164,52816.234,,67257
AGO,2007,,9,0,13.163569,5302657,24697.863,54433.145,,18422
AGO,2008,,32,0,12.828784,4692401.5,26164.584,55948.562,,10511
AGO,2009,,32,0,12.453303,4166695.8,27782.988,57351.56,,2019
AGO,2010,,37,0,12.063908,4021064.8,29676.906,58637.992,,1484
AGO,2011,,6,0,11.604606,4194396,31732.162,59478.727,,1810
AGO,2012,,0,0,11.039229,4403571.5,33387.836,59712.68,,1215
AGO,2013,,0,0,10.417461,4646445.5,34408.105,59642.93,,6655
AGO,2014,,0,0,9.800037,4920422,35154.387,59630.53,,213
AGO,2015,,0,0,9.250467,5221958,36338.656,60086.812,,
AGO,2016,,0,0,8.74512,5841198,38198.617,60953.48,,78
AGO,2017,,0,0,8.358166,6407805.5,40191.227,61982.406,,828
AGO,2018,,0,1,8.120007,6540698,42326.47,62715.062,,1546
AGO,2019,,153,1,7.964379,6475958,43510.58,62933.6,,
AGO,2020,,6,1,,,,,,
ALB,1980,,7,0,,,,,,
ALB,1981,,7,0,,,,,,
ALB,1982,,0,0,,,,,,
ALB,1983,,0,0,,,,,,
ALB,1984,,0,0,,,,,,
ALB,1985,,7,0,,,,,,
ALB,1986,,0,0,,,,,,
ALB,1987,,0,0,,,,,,
ALB,1988,,0,0,,,,,,
ALB,1989,,0,0,,,,,,
ALB,1990,,0,0,0.024380464,0,3.1844528,216.81024,,
ALB,1991,,7,0,0.024485007,0,3.4546475,211.27489,,
ALB,1992,,0,0,0.02434144,0,3.6710289,205.64603,,
ALB,1993,,7,0,0.024078405,0,3.7128205,200.16772,,
ALB,1994,,0,0,0.023829417,0,3.6294198,195.05692,,626
ALB,1995,,0,0,0.023583047,0,3.6543012,190.382,,
ALB,1996,,153,0,0.023025803,0,3.6918812,186.26813,,
ALB,1997,,0,0,0.02228408,0,3.6656888,187.33731,,
ALB,1998,,0,0,0.021406677,0,3.3509865,188.06995,,
ALB,1999,,0,0,0.020316478,0,3.0105524,178.31313,,
ALB,2000,,0,0,0.019605858,0,2.8395562,169.36588,,
ALB,2001,,0,0,0.018726408,0,3.0764673,164.97337,,
ALB,2002,,0,0,0.016977258,0,3.2796018,160.23256,,
ALB,2003,,0,0,0.014738346,0,3.499513,155.23741,,
ALB,2004,,0,0,0.012657572,0,3.3179362,150.11584,,
ALB,2005,,0,0,0.011491771,0,2.9770734,145.20651,,
ALB,2006,,0,0,0.011053416,0,2.705119,140.29532,,
ALB,2007,,0,0,0.0106599545,0,2.559985,135.0837,,
ALB,2008,,0,0,0.010366663,0,2.4835765,129.90475,,
ALB,2009,,0,0,0.0102469465,0,2.385676,125.13413,,
ALB,2010,,0,0,0.0103962235,0,2.3353004,121.22562,,
ALB,2011,,0,0,0.01075592,0,2.4660115,117.806366,,
ALB,2012,,0,0,0.01119073,0,2.3746042,114.17741,,
ALB,2013,,0,0,0.011662849,0,2.2445052,110.22334,,
ALB,2014,,0,0,0.012138092,0,2.4224427,106.195076,,
ALB,2015,,0,0,0.012588923,0,2.6274543,102.467834,,
ALB,2016,,0,0,0.013460109,0,2.661325,97.58413,,
ALB,2017,,0,0,0.014326912,0,2.6962876,94.34844,,
ALB,2018,,0,0,0.0145095,0,2.728043,94.39895,,
ALB,2019,,0,0,0.014224869,0,2.6898444,95.83574,,
ALB,2020,,0,0,,,,,,
AND,1999,,0,0,0.000071659604,0,3.403286,3.752964,,
AND,2000,,0,0,0.00007323388,0,3.2728791,3.6276813,,
AND,2001,,0,0,0.00007490333,0,3.2626088,3.5448394,,
AND,2002,,0,0,0.000076819575,0,6.240559,3.508046,,
AND,2003,,0,0,0.000080288526,0,4.170553,3.7045834,,
AND,2004,,0,0,0.00008412276,0,3.7917151,3.8746126,,
AND,2005,,0,0,0.0000862387,0,6.3877287,3.8998456,,
AND,2006,,0,0,0.000088797686,0,4.244847,3.9388938,,
AND,2007,,0,0,0.00009140372,0,4.251151,3.9337988,,
AND,2008,,0,0,0.00009370595,0,5.620337,3.896008,,
AND,2009,,0,0,0.000095917705,0,7.6479607,3.77511,,
AND,2010,,0,0,0.000098153556,0,5.607729,3.684505,,
AND,2011,,0,0,0.00009777516,0,5.0547557,3.3512278,,
AND,2012,,0,0,0.000102749,0,6.523293,3.1693554,,
AND,2013,,0,0,0.00010904389,0,6.6046453,3.0530906,,
AND,2014,,0,0,0.00011575338,0,6.743381,2.989043,,
AND,2015,,0,0,0.00012227679,0,6.86304,2.948139,,
AND,2016,,0,0,0.00012582859,0,6.871717,2.9053857,,
AND,2017,,0,0,0.00013157535,0,7.081359,2.9467227,,
AND,2018,,0,0,0.00013464199,0,7.2311435,2.9978974,,
AND,2019,,0,0,0.00013845737,0,7.378066,3.0567908,,
AND,2020,,0,0,,,,,,
ARE,1980,,336,0,,,,,,
ARE,1981,,259,0,,,,,,
ARE,1982,,406,0,,,,,,
ARE,1983,,91,0,,,,,,
ARE,1984,,147,0,,,,,,
ARE,1985,,49,0,,,,,,
ARE,1986,,42,0,,,,,,
ARE,1988,,63,0,,,,,,
ARE,1989,,0,0,,,,,,
ARE,1990,,0,0,0.08114732,0,10.979592,655.7328,,
ARE,1991,,0,0,0.08475355,0,12.665452,682.7627,,
ARE,1992,,14,0,0.08867846,0,14.12744,712.00726,,
ARE,1993,,0,0,0.092944995,0,16.464422,743.35077,,
ARE,1994,,0,0,0.09785195,0,19.454557,776.3736,,
ARE,1995,,0,0,0.103865825,0,23.625229,810.41003,,
ARE,1996,,0,0,0.11182001,0,28.724375,844.0947,,
ARE,1997,,0,0,0.12044654,0,35.07849,877.8054,,
ARE,1998,,0,0,0.12861718,0,42.797592,912.1934,,
ARE,1999,,0,0,0.1358567,0,50.219254,947.8634,,
ARE,2000,,0,0,0.14192544,0,56.83263,985.3965,,
ARE,2001,,0,0,0.14585806,0,61.14219,1023.0636,,
ARE,2002,,0,0,0.14866382,0,62.73789,1059.6714,,3
ARE,2003,,0,0,0.15175042,0,63.85394,1096.4078,,
ARE,2004,,0,0,0.15597458,0,66.081604,1134.2191,,
ARE,2005,,0,0,0.16251147,0,71.84945,1174.097,,
ARE,2006,,0,0,0.18676652,0,89.5576,1319.8649,,
ARE,2007,,0,0,0.23755045,0,132.46146,1612.6337,,
ARE,2008,,0,0,0.31458977,0,173.39116,2021.618,,
ARE,2009,,0,0,0.38934943,0,178.8381,2344.0903,,
ARE,2010,,0,0,0.42163125,0,168.14317,2394.1538,,
ARE,2011,,0,0,0.44320655,0,184.85263,2411.2578,,
ARE,2012,,0,0,0.4598882,0,249.15327,2400.924,,
ARE,2013,,0,0,0.47045204,0,443.23135,2373.3445,,
ARE,2014,,0,0,0.4760846,0,194.2361,2338.4932,,
ARE,2015,,0,0,0.48085082,0,200.0226,2305.747,,
ARE,2016,,0,0,0.48956606,0,202.77553,2263.0696,,
ARE,2017,,0,0,0.5009187,0,201.52158,2226.8606,,12
ARE,2018,,0,0,0.5128578,0,201.10435,2204.7424,,
ARE,2019,,0,0,0.5240982,0,203.29845,2180.741,,
ARE,2020,,0,0,,,,,,13
ARG,1980,,224,0,,,,,,
ARG,1981,,14,0,,,,,,
ARG,1982,,84,0,,,,,,
ARG,1983,,182,0,,,,,,
ARG,1984,,7,0,,,,,,
ARG,1985,,14,0,,,,,,
ARG,1986,,0,0,,,,,,
ARG,1987,,0,0,,,,,,
ARG,1988,,0,0,,,,,,
ARG,1989,,0,0,,,,,,
ARG,1990,,0,0,1.5078027,1660.0945,5156.753,7092.7104,,
ARG,1991,,0,0,1.3015058,1544.3666,5359.861,6854.8477,,
ARG,1992,,0,0,1.1063824,1426.5679,5394.1147,6636.898,,
ARG,1993,,0,0,0.9345812,1307.2181,5397.697,6448.022,,2350
ARG,1994,,0,0,0.7994036,1186.8014,5499.325,6298.851,,889
ARG,1995,,0,0,0.7146847,1065.2274,5709.5503,6200.8174,,188
ARG,1996,,0,0,0.65925753,931.68604,5889.9565,6151.465,,474
ARG,1997,,0,0,0.60611075,785.8901,6477.307,6130.5073,,637
ARG,1998,,0,0,0.5609319,644.00653,6927.8657,6121.401,,12
ARG,1999,,0,0,0.52975124,522.86444,6833.344,6106.7817,,
ARG,2000,,0,0,0.51903343,440.08246,6992.8066,6072.0215,,
ARG,2001,,0,0,0.5222578,390.39594,6977.131,6006.7197,,
ARG,2002,,0,0,0.5285838,352.68164,7153.6494,5916.2227,,
ARG,2003,,0,0,0.5368071,321.135,7185.4443,5808.9546,,
ARG,2004,,0,0,0.54585195,289.68842,7153.8696,5693.6387,,
ARG,2005,,0,0,0.55436337,251.87672,7328.543,5579.6724,,
ARG,2006,,0,0,0.55728906,198.4892,7919.3257,5442.091,,
ARG,2007,,0,0,0.5531797,133.17249,8252.138,5272.925,,
ARG,2008,,0,0,0.54535526,69.01507,8418.49,5111.187,,
ARG,2009,,0,0,0.537463,19.778528,8638.933,4994.149,,
ARG,2010,,0,0,0.53342724,0,8522.109,4956.657,,
ARG,2011,,0,0,0.53210765,0,8934.269,5058.7803,,
ARG,2012,,0,0,0.52998716,0,9233.937,5281.4766,,
ARG,2013,,0,0,0.5286387,0,9265.105,5544.8135,,
ARG,2014,,0,0,0.5297483,0,9576.999,5765.7075,,
ARG,2015,,0,0,0.53504884,0,9954.536,5853.3877,,
ARG,2016,,0,0,0.55013776,0,10449.229,5781.7915,,
ARG,2017,,0,0,0.56505936,0,10999.95,5692.883,,
ARG,2018,,0,0,0.5696193,0,11539.661,5643.045,,
ARG,2019,,0,0,0.5678664,0,11633.454,5596.742,,
ARG,2020,,0,0,,,,,,
ARM,1991,,21,0,8.69053,0,1.9496533,1495.1956,,
ARM,1992,,7,0,10.066219,0,1.8591231,1405.2369,,
ARM,1993,,0,0,11.406513,0,1.7864699,1332.1367,,
ARM,1994,,35,0,13.24786,0,2.1334276,1281.5264,,
ARM,1995,,21,0,15.202328,0,3.005632,1259.3013,,
ARM,1996,,0,0,17.64264,89.671646,4.070093,1265.687,,
ARM,1997,,0,0,20.315647,303.6544,5.6772275,1290.4052,,
ARM,1998,,0,0,23.029074,559.3444,7.38875,1323.7573,,25
ARM,1999,,0,0,24.947931,773.90295,10.6959095,1356.0282,,
ARM,2000,,0,0,26.292213,864.2048,15.834644,1378.6669,,
ARM,2001,,0,0,24.481815,777.97687,21.899372,1397.4779,,
ARM,2002,,0,0,19.765396,570.8879,27.472624,1419.4644,,
ARM,2003,,0,0,13.548273,323.07718,31.88358,1440.3644,,
ARM,2004,,0,0,8.031524,113.89763,35.167538,1455.7915,,
ARM,2005,,0,0,5.0500464,21.43494,38.06618,1461.1708,,
ARM,2006,,0,0,3.9187043,13.808646,40.95977,1451.2924,,
ARM,2007,,0,0,2.96246,7.8134704,46.922333,1427.3193,,
ARM,2008,,0,0,2.1923928,3.4925132,53.550278,1394.9037,,
ARM,2009,,0,0,1.6251274,0.87811846,64.72161,1359.0637,,
ARM,2010,,0,0,1.2480956,0,85.29706,1324.1011,,
ARM,2011,,0,0,0.972228,0,112.35193,1263.2972,,
ARM,2012,,0,0,0.7239341,0,129.80846,1164.6361,,
ARM,2013,,0,0,0.52517515,0,165.58264,1054.1833,,
ARM,2014,,0,0,0.40031832,0,161.76479,956.91174,,
ARM,2015,,0,0,0.3507421,0,146.89513,898.96936,,
ARM,2016,,0,0,0.34852454,0,124.50519,873.1816,,
ARM,2017,,0,0,0.35426956,0,126.82312,849.0223,,
ARM,2018,,0,0,0.3604499,0,129.29773,817.54645,,
ARM,2019,,0,0,0.36901894,0,127.89752,778.1901,,
ARM,2020,,0,0,,,,,,
ATG,1980,,0,0,,,,,,
ATG,1981,,0,0,,,,,,
ATG,1982,,0,0,,,,,,
ATG,1983,,0,0,,,,,,
ATG,1984,,0,0,,,,,,
ATG,1985,,0,0,,,,,,
ATG,1986,,0,0,,,,,,
ATG,1987,,0,0,,,,,,
ATG,1988,,0,0,,,,,,
ATG,1989,,0,0,,,,,,
ATG,1990,,0,0,0.0015899013,0,15.696256,20.818546,,
ATG,1991,,0,0,0.0014326775,0,15.923891,20.712685,,
ATG,1992,,0,0,0.0012914663,0,15.950966,20.687006,,
ATG,1993,,0,0,0.0011784371,0,16.243483,20.727335,,
ATG,1994,,0,0,0.0011075264,0,16.304415,20.824245,,
ATG,1995,,0,0,0.0010932273,0,16.222788,20.973719,,
ATG,1996,,0,0,0.0011124441,0,15.953433,21.114431,,
ATG,1997,,0,0,0.0011338973,0,16.591475,21.214771,,
ATG,1998,,0,0,0.0011632809,0,17.168034,21.327318,,
ATG,1999,,0,0,0.0012090291,0,16.322075,21.515339,,
ATG,2000,,0,0,0.0012793491,0,14.970841,21.837103,,
ATG,2001,,0,0,0.0013909283,0,13.832178,22.383984,,
ATG,2002,,0,0,0.0015385192,0,12.421225,23.101402,,
ATG,2003,,0,0,0.0017025145,0,11.070621,23.848896,,
ATG,2004,,0,0,0.0018630532,0,10.333011,24.472168,,
ATG,2005,,0,0,0.0020007084,0,10.164899,24.80878,,
ATG,2006,,0,0,0.0021605596,0,10.608372,24.807974,,
ATG,2007,,0,0,0.0023902059,0,11.35329,24.571507,,
ATG,2008,,0,0,0.0026680196,0,14.239348,24.17902,,
ATG,2010,,0,0,0.0032946493,0,18.951378,23.278795,,
AUS,1980,,0,0,,,,,,2
AUS,1981,,0,0,,,,,,2
AUS,1982,,0,0,,,,,,1
AUS,1983,,0,0,,,,,,4
AUS,1984,,0,0,,,,,,1
AUS,1985,,0,0,,,,,,2
AUS,1986,,7,0,,,,,,
AUS,1987,,0,0,,,,,,1
AUS,1988,,0,0,,,,,,1
AUS,1989,,0,0,,,,,,
AUS,1990,,0,0,0.01537558,0,1158.6019,1430.4984,,
AUS,1991,,0,0,0.014952987,0,1076.6482,1416.0972,,
AUS,1992,,0,0,0.014426901,0,1040.3671,1396.2115,,3
AUS,1993,,0,0,0.013829989,0,988.3936,1373.5801,,5
AUS,1994,,0,0,0.013184941,0,970.4855,1350.5972,,3
AUS,1995,,0,0,0.012567361,0,964.9519,1329.9636,,5
AUS,1996,,0,0,0.011871827,0,1180.8098,1301.4894,,2
AUS,1997,,0,0,0.011170553,0,1357.1382,1259.9199,,2
AUS,1998,,0,0,0.010698311,0,1210.0197,1216.2649,,5
AUS,1999,,0,0,0.010655328,0,1195.757,1182.4094,,4
AUS,2000,,0,0,0.01118332,0,1104.0942,1170.0035,,1
AUS,2001,,0,0,0.012170503,0,996.7928,1171.5183,,2
AUS,2002,,0,0,0.013318042,0,945.9995,1172.19,,5
AUS,2003,,0,0,0.014565649,0,900.99457,1172.8392,,
AUS,2004,,0,0,0.015821518,0,942.99646,1175.0764,,2
AUS,2005,,0,0,0.016981225,0,917.2,1181.1459,,2
AUS,2006,,0,0,0.018252635,0,978.9934,1191.7349,,3
AUS,2007,,0,0,0.019713476,0,1064.9827,1206.165,,3
AUS,2008,,0,0,0.021293463,0,1026.9813,1222.9801,,
AUS,2009,,0,0,0.022942321,0,1085.3138,1241.3044,,
AUS,2010,,0,0,0.024786152,0,1028.7885,1259.8943,,3
AUS,2011,,0,0,0.028640883,0,1032.249,1277.1637,,6
AUS,2012,,0,0,0.03525196,0,1108.8146,1293.495,,5
AUS,2013,,0,0,0.042860776,0,1171.1143,1308.3037,,3
AUS,2014,,0,0,0.04974804,0,1217.3619,1321.5658,,2
AUS,2015,,0,0,0.05428063,0,1291.067,1333.6388,,2
AUS,2016,,0,0,0.055543594,0,1350.7949,1335.7676,,1
AUS,2017,,0,0,0.05548405,0,1410.1378,1337.8672,,3
AUS,2018,,0,0,0.054880887,0,1473.1278,1352.401,,
AUS,2019,,0,0,0.052932423,0,1487.2773,1373.7148,,2
AUS,2020,,0,0,,,,,,
AUT,1980,,7,0,,,,,,
AUT,1981,,0,0,,,,,,
AUT,1982,,0,0,,,,,,
AUT,1983,,0,0,,,,,,
AUT,1984,,0,0,,,,,,
AUT,1985,,0,0,,,,,,
AUT,1986,,0,0,,,,,,
AUT,1987,,0,0,,,,,,
AUT,1988,,0,0,,,,,,
AUT,1989,,0,0,,,,,,
AUT,1990,,0,0,0.007856384,0,639.50415,1133.4965,,2
AUT,1991,,0,0,0.007123984,0,634.411,1100.5679,,
AUT,1992,,0,0,0.006466202,0,582.9502,1066.943,,
AUT,1993,,0,0,0.005877945,0,506.71774,1034.3431,,1
AUT,1994,,0,0,0.00541193,0,393.3486,1004.01465,,1
AUT,1995,,0,0,0.005121655,0,355.7155,976.9969,,
AUT,1996,,0,0,0.005048178,0,343.77332,949.2798,,1
AUT,1997,,0,0,0.0052234707,0,400.15958,918.451,,
AUT,1998,,0,0,0.0055390135,0,423.6453,886.5247,,1
AUT,1999,,0,0,0.0058989534,0,479.4192,856.34717,,1
AUT,2000,,0,0,0.0061748195,0,577.03345,831.2583,,
AUT,2001,,0,0,0.0064385533,0,678.1848,805.5253,,0
AUT,2002,,0,0,0.0068854713,0,687.5939,774.4428,,1
AUT,2003,,0,0,0.0073836367,0,699.3541,742.6282,,
AUT,2004,,0,0,0.00780996,0,680.22534,715.24084,,
AUT,2005,,0,0,0.008073101,0,593.8486,696.8655,,1
AUT,2006,,0,0,0.007989534,0,617.74524,683.8261,,
AUT,2007,,0,0,0.0077709765,0,571.6656,670.5201,,
AUT,2008,,0,0,0.007555033,0,574.5099,657.0637,,
AUT,2009,,0,0,0.007470162,0,631.39575,643.3374,,
AUT,2010,,0,0,0.00777438,0,643.761,629.49524,,
AUT,2011,,0,0,0.008050023,0,700.55994,612.73004,,
AUT,2012,,0,0,0.008516049,0,747.05133,592.64575,,
AUT,2013,,0,0,0.008983271,0,661.09265,572.397,,
AUT,2014,,0,0,0.009481388,0,632.59296,555.5873,,
AUT,2015,,0,0,0.009986834,0,585.41235,545.7482,,
AUT,2016,,0,0,0.00891423,0,662.14484,539.00397,,
AUT,2017,,0,0,0.007568444,0,665.4822,533.23883,,
AUT,2018,,0,0,0.0074531473,0,666.5336,531.33276,,
AUT,2019,,0,0,0.007492548,0,671.0829,532.34015,,
AUT,2020,,0,0,,,,,,
AZE,1991,,147,0,13.249931,4802.8945,51.790146,5120.582,,
AZE,1992,,154,0,14.004584,8835.644,54.895817,5485.174,,
AZE,1993,,483,0,14.687267,12040.165,58.71049,5794.533,,
AZE,1994,,112,0,15.207784,14208.158,63.710827,6029.7896,,18
AZE,1995,,35,0,15.644182,15122.474,69.74036,6174.878,,
AZE,1996,,0,0,15.917799,14762.9,77.74702,6265.1616,,
AZE,1997,,0,0,16.159271,13487.223,84.98121,6351.6255,,
AZE,1998,,0,0,16.248281,11661.667,88.011246,6431.639,,
AZE,1999,,0,0,16.245728,9688.228,87.026306,6512.786,,
AZE,2000,,0,0,16.022724,7978.43,84.404755,6595.5557,,
AZE,2001,,0,0,15.364539,6364.8516,78.70482,6653.588,,
AZE,2002,,0,0,13.993611,4550.842,78.70301,6659.024,,
AZE,2003,,0,0,12.388329,2811.4165,79.56264,6622.342,,
AZE,2004,,0,0,10.785144,1439.2867,83.12303,6552.644,,
AZE,2005,,0,0,9.632432,746.04865,89.44233,6463.4077,,
AZE,2006,,0,0,8.745838,520.0787,98.803925,6337.636,,
AZE,2007,,0,0,7.9273057,333.8222,111.61113,6174.9824,,
AZE,2008,,0,0,7.161968,190.76675,127.49264,6004.388,,
AZE,2009,,0,0,6.632153,94.8304,151.53418,5861.79,,
AZE,2010,,0,0,6.352415,49.982643,159.7667,5780.852,,
AZE,2011,,0,0,6.282623,33.329826,231.52658,5741.7905,,
AZE,2012,,0,0,6.1978045,19.509794,257.01102,5704.014,,
AZE,2013,,0,0,6.1435556,9.012619,270.8732,5674.2812,,
AZE,2014,,0,0,6.09042,2.3394532,288.11484,5660.4814,,
AZE,2015,,0,0,6.0905232,0,292.44003,5671.4785,,
AZE,2016,,0,0,6.113381,0,294.2168,5733.8506,,
AZE,2017,,0,0,6.201328,0,298.65662,5784.644,,
AZE,2018,,0,0,6.317775,0,303.5262,5667.425,,
AZE,2019,,0,0,6.4710073,0,304.82303,5386.9526,,
AZE,2020,,0,0,,,,,,
BDI,1980,,301,0,,,,,,2039
BDI,1981,,714,0,,,,,,582
BDI,1982,,224,0,,,,,,415
BDI,1983,,259,0,,,,,,512
BDI,1984,,322,0,,,,,,180
BDI,1985,,175,0,,,,,,259
BDI,1986,,154,0,,,,,,
BDI,1987,,63,0,,,,,,
BDI,1988,,84,0,,,,,,
BDI,1989,,154,0,,,,,,
BDI,1990,,70,0,41.612972,2621195.8,38694.336,27878.121,,82
BDI,1991,,49,0,40.360218,2593931,39230.254,26914.117,,3
BDI,1992,,91,0,39.112236,2557917,37168.832,26022.695,,479
BDI,1993,,35,0,39.99288,2670138.2,33066.74,26490.852,,78
BDI,1994,,301,0,40.483334,2749876.8,28945.924,26717.982,,562
BDI,1995,,70,0,39.486084,2697561,24749.773,26032.125,,2297
BDI,1996,,30,0,38.98673,2675948.8,20697.674,25733.139,,418
BDI,1997,,0,0,39.541195,2722308.2,17601.545,26045.223,,1959
BDI,1998,,0,0,40.3539,2770592.2,15387.452,26451.96,,1067
BDI,1999,,1,0,41.15714,2801743.8,13633.04,26772.691,,3440
BDI,2000,,0,0,41.984844,2836395.2,12188.366,27178.38,,1021
BDI,2001,,0,0,43.156654,2779372.5,10991.756,27591.977,,1003
BDI,2002,,0,0,44.785595,2591271.8,9969.407,28092.893,,577
BDI,2003,,0,0,46.7202,2341098.2,9091.395,28729.475,,432
BDI,2004,,0,0,48.59121,2093036,8269.416,29427.143,,819
BDI,2005,,0,0,50.14121,1929822.5,7547.212,30219.1,,1309
BDI,2006,,0,0,50.839634,1841764.8,6994.9146,31109.596,,886
BDI,2007,,0,0,50.885155,1772790.5,6465.7974,32294.371,,365
BDI,2008,,0,0,50.687214,1730567.9,5930.893,33802.2,,234
BDI,2009,,2,0,49.81181,1689237.2,5336.7803,34907.99,,355
BDI,2010,,0,0,48.86913,1658787.4,4767.4517,35481.75,,333
BDI,2011,,0,0,48.718464,1661124,4369.9375,35986.64,,1072
BDI,2012,,0,0,48.959656,1679657.4,3994.9783,36406.24,,214
BDI,2013,,0,0,48.90931,1694383.4,3598.949,36482.992,,1557
BDI,2014,,0,0,48.335136,1703847.4,3167.1284,36354.637,,582
BDI,2015,,0,0,47.612984,1733670.2,2755.6187,36760.49,,442
BDI,2016,,0,0,45.83992,2264246.8,2441.3696,38414.684,,434
BDI,2017,,0,0,45.141632,2849179.2,2183.879,40606.58,,399
BDI,2018,,0,0,46.92722,2779090.5,1974.1166,41963.51,,92
BDI,2019,,0,0,49.534466,2258965.5,1885.2888,42492.14,,1145
BDI,2020,,0,0,,,,,,277
BEL,1980,,7,0,,,,,,1
BEL,1981,,0,0,,,,,,
BEL,1982,,0,0,,,,,,
BEL,1983,,7,0,,,,,,1
BEL,1984,,0,0,,,,,,1
BEL,1985,,0,0,,,,,,1
BEL,1986,,0,0,,,,,,
BEL,1987,,0,0,,,,,,
BEL,1988,,0,0,,,,,,
BEL,1989,,14,0,,,,,,
BEL,1990,,0,0,0.013685222,0,822.1403,1266.579,,
BEL,1991,,0,0,0.012464642,0,908.95264,1222.1287,,
BEL,1992,,0,0,0.0113131935,0,1019.6906,1181.0869,,1
BEL,1993,,0,0,0.01026026,0,1080.5725,1146.3193,,1
BEL,1994,,0,0,0.009454718,0,1125.1593,1121.1691,,1
BEL,1995,,0,0,0.008984055,0,1113.8798,1108.7953,,
BEL,1996,,0,0,0.008719874,0,1079.4645,1100.3625,,
BEL,1997,,0,0,0.008498837,0,1013.33813,1086.723,,
BEL,1998,,0,0,0.008350205,0,914.6605,1069.8293,,
BEL,1999,,0,0,0.008341569,0,866.5748,1052.6124,,
BEL,2000,,0,0,0.008560617,0,942.00256,1038.4095,,
BEL,2001,,0,0,0.00903759,0,1012.00073,1023.66693,,
BEL,2002,,0,0,0.009782253,0,1065.0303,1005.2929,,
BEL,2003,,0,0,0.010733596,0,1089.0441,985.96735,,
BEL,2004,,0,0,0.011862022,0,1129.0245,968.7854,,1
BEL,2005,,0,0,0.012963325,0,1197.0104,956.58154,,2
BEL,2006,,0,0,0.014295293,0,1184.9729,946.25586,,
BEL,2007,,0,0,0.01602616,0,1227.9221,934.36224,,
BEL,2008,,0,0,0.017718885,0,1125.9583,922.40436,,
BEL,2009,,0,0,0.019485304,0,1055.0078,912.1978,,
BEL,2010,,0,0,0.021662993,0,1009.99927,905.64026,,
BEL,2011,,0,0,0.022669978,0,929.194,900.81335,,
BEL,2012,,0,0,0.022039864,0,888.3035,894.3077,,
BEL,2013,,0,0,0.0202902,0,895.9986,886.1583,,
BEL,2014,,0,0,0.018462662,0,924.0327,877.1536,,
BEL,2015,,0,0,0.017914094,0,941.74725,868.4676,,
BEL,2016,,0,0,0.018936608,0,956.13257,855.0628,,
BEL,2017,,0,0,0.019862575,0,945.7535,841.72296,,
BEL,2018,,0,0,0.019413032,0,934.50635,833.8435,,
BEL,2019,,0,0,0.017775036,0,934.999,827.1862,,
BEL,2020,,0,0,,,,,,
BEN,1980,,1085,0,,,,,,3
BEN,1981,,1505,0,,,,,,2
BEN,1982,,966,0,,,,,,3
BEN,1983,,413,0,,,,,,1
BEN,1984,,364,0,,,,,,1
BEN,1985,,623,0,,,,,,
BEN,1986,,665,0,,,,,,243
BEN,1987,,518,400,,,,,,
BEN,1988,,217,13892,,,,,,
BEN,1989,,385,7172,,,,,,
BEN,1990,,567,37414,37.086082,2157492.5,1916.0867,9446.857,,
BEN,1991,,126,4006,37.6878,2225971,3785.2214,9490.304,,7474
BEN,1992,,623,4315,38.224003,2293668.5,6124.4043,9537.654,,413
BEN,1993,,119,16334,38.80163,2360386.8,8215.1045,9600.913,,10
BEN,1994,,399,4302,39.310184,2426459.5,9423.16,9682.82,,187
BEN,1995,,49,2273,39.757984,2492644,9658.938,9787.834,,203
BEN,1996,,7,1427,40.17089,2551024.2,9270.626,9925.693,,6190
BEN,1997,,3,855,40.350967,2599431.5,8655.128,10077.255,,796
BEN,1998,,9,695,40.39168,2646185.2,8041.921,10239.509,,206
BEN,1999,,41,492,40.594364,2700596.8,7527.045,10408.344,,855
BEN,2000,,1,186,41.186474,2772889,7123.5044,10572.767,,468
BEN,2001,,0,172,41.948437,2915583,6803.0283,10709.998,,3943
BEN,2002,,0,181,42.779755,3146611.8,6538.3794,10809.631,,270
BEN,2003,,2,30,43.72317,3418834.8,6307.468,10903.394,,434
BEN,2004,,7,3,44.659725,3678848.2,6113.61,11023.615,,642
BEN,2005,,0,1,45.52215,3865651,5953.7954,11214.356,,749
BEN,2006,,0,0,46.045246,3914863.8,5888.8037,11463.51,,91
BEN,2007,,0,0,45.998764,3847735.8,5782.6587,11728.138,,
BEN,2008,,7,0,45.717953,3731514.8,5502.2993,12006.054,,985
BEN,2009,,22,0,45.67737,3643694.8,5306.3413,12291.566,,74
BEN,2010,45,0,0,46.3769,3672151.2,5233.893,12574.599,,983
BEN,2011,,0,0,47.802372,3826078,5132.8916,12845.084,,755
BEN,2012,11,0,0,49.601185,4033745,5091.9155,13094.752,,625
BEN,2013,,0,0,51.62712,4265987.5,5027.981,13335.798,,528
BEN,2014,,0,0,53.69093,4489937,4563.527,13570.795,,832
BEN,2015,,0,0,55.59116,4668468.5,4016.9297,13796.397,,
BEN,2016,,0,0,57.216972,4771616.5,3684.3767,14012.608,,761
BEN,2017,,0,0,58.370663,4845689.5,3459.9934,14190.117,,11
BEN,2018,,0,0,57.6133,4918460,3253.1973,14172.662,,
BEN,2019,,9,0,54.624016,4975787,3102.3525,13899.606,,50
BEN,2020,,3,0,,,,,,232
BFA,1980,,1015,2620,,,,,,
BFA,1981,,896,0,,,,,,
BFA,1982,,840,0,,,,,,
BFA,1983,,924,4362,,,,,,
BFA,1984,,735,1739,,,,,,2191
BFA,1985,,861,458,,,,,,1149
BFA,1986,,665,2558,,,,,,
BFA,1987,,350,1957,,,,,,
BFA,1988,,147,1069,,,,,,
BFA,1989,,308,45004,,,,,,
BFA,1990,,126,42187,108.56298,5722426.5,30554.441,18517.176,,
BFA,1991,,105,0,108.72673,5859666,26297.566,18587.164,,537
BFA,1992,,28,11784,108.98683,5996409.5,23120.977,18692.092,,
BFA,1993,,21,8281,109.269196,6135743.5,20725.477,18820.973,,
BFA,1994,,35,6861,109.674194,6279639.5,18846.455,18984.023,,
BFA,1995,,84,6281,110.39055,6429422.5,17320.121,19198.197,,1451
BFA,1996,,0,3241,111.266914,6582466.5,16011.049,19458.74,,425
BFA,1997,,3,2477,111.812805,6738857,14827.122,19815.045,,
BFA,1998,,7,2227,112.407394,6905853.5,13742.086,20247.729,,1036
BFA,1999,,6,2184,113.19567,7082351.5,12740.386,20725.943,,93
BFA,2000,,0,1956,114.2014,7265740.5,11848.157,21222.48,,617
BFA,2001,,0,1032,114.81567,7363287,11046.836,21724.82,,477
BFA,2002,,1,591,114.55331,7330571,10286.3955,22285.002,,
BFA,2003,,12,203,113.61801,7249323.5,9547.343,22898.332,,1
BFA,2004,,10,60,112.29401,7212214.5,8845.813,23572.957,,
BFA,2005,,0,30,110.947784,7323013.5,8197.717,24317.992,,1050
BFA,2006,,0,5,108.91645,7636179.5,7620.121,25140.023,,0
BFA,2007,,0,3,105.52168,8085086,7159.896,26061.734,,
BFA,2008,,7,1,101.80419,8597121,6659.068,27040,,0
BFA,2009,,17,0,98.856255,9089657,6136.64,28039.309,,
BFA,2010,,0,0,97.86605,9468340,5618.7554,29018.91,,
BFA,2011,,0,0,98.272865,9594911,5156.952,29833.37,,20
BFA,2012,,0,0,98.88006,9435059,4887.456,30481.867,,143
BFA,2013,,0,0,99.79778,9051703,4538.141,31034.127,,
BFA,2014,,0,0,101.212456,8518226,4199.8315,31594.45,,
BFA,2015,,0,0,103.35541,7917187.5,3982.238,32290.814,,
BFA,2016,,0,0,107.14575,6873952,3706.3228,33144.234,,
BFA,2017,,0,0,111.05477,5905866.5,3382.7524,33976.94,,
BFA,2018,,0,0,113.205284,5526700.5,3109.334,34168.812,,
BFA,2019,,1,0,114.05726,5400614,3003.2297,33581.98,,
BFA,2020,,130,0,,,,,,
BGD,1980,,455,0,,,,,,
BGD,1981,,686,0,,,,,,
BGD,1982,,2233,0,,,,,,
BGD,1983,,896,0,,,,,,
BGD,1984,,896,0,,,,,,
BGD,1985,,623,0,,,,,,
BGD,1986,,1106,0,,,,,,
BGD,1987,,714,0,,,,,,523
BGD,1988,,3780,0,,,,,,571
BGD,1989,,3143,0,,,,,,94
BGD,1990,,2618,0,1309.1222,3897611.8,0,386013.84,,82
BGD,1991,,2009,0,1465.3674,3355832.8,0,380234.53,,8
BGD,1992,,1463,0,1583.1517,2834385.2,0,374052.75,,479
BGD,1993,,1631,0,1665.8058,2363462.5,0,367719.3,,78
BGD,1994,,2023,0,1715.1091,1970568,67.82152,361107.53,,562
BGD,1995,,343,0,1734.7075,1685329.6,31.498789,354307.16,,2297
BGD,1996,,108,0,1684.6005,1466432.5,50.0255,347056.34,,418
BGD,1997,,192,0,1548.4496,1262366.8,64.813446,339280.72,,1959
BGD,1998,,332,0,1366.4799,1087575.8,95.272705,331402.78,,1067
BGD,1999,,436,0,1180.5101,957208.5,130.31166,323877.12,,3440
BGD,2000,,220,0,1033.1205,887203.4,188.34357,317146.47,,1021
BGD,2001,,0,0,911.6814,855652.75,263.1729,311337.72,,
BGD,2002,,0,0,783.8528,827420.7,358.79233,306050.72,,
BGD,2003,,0,0,662.91003,798777.5,439.18604,300980.38,,
BGD,2004,,0,0,562.57874,765808.56,510.30527,295866.47,,
BGD,2005,,0,0,496.23456,724349.25,579.2955,290337.34,,
BGD,2006,,20,0,451.84375,668152.94,623.5576,284089.44,,
BGD,2007,,0,0,408.7992,597840.25,669.7744,277240.62,,
BGD,2008,,0,0,369.18692,519612.75,720.3843,270208.56,,
BGD,2009,,0,0,335.1646,440074.25,737.87836,263415.38,,
BGD,2010,,0,0,309.00803,366269.1,754.13763,257248.53,,
BGD,2011,,0,0,286.92392,290096.6,695.5441,251400.52,,
BGD,2012,,0,0,264.22125,206261.03,700.9277,245452.64,,
BGD,2013,,0,0,242.6958,126956.34,673.8707,239747.97,,
BGD,2014,,0,0,224.17964,65245.86,661.0987,234641.28,,
BGD,2015,,0,0,210.78755,35057.75,639.71985,230603.25,,
BGD,2016,,0,0,201.96909,28362.418,634.1214,228013.83,,
BGD,2017,,0,0,194.82874,23437.12,638.5542,225577.66,,
BGD,2018,,0,0,187.57178,16841.11,640.51056,221509.11,,566
BGD,2019,,0,0,180.40259,9460.737,641.7565,215988.44,,503
BGD,2020,,0,0,,,,,,212
BGR,1980,,105,0,,,,,,
BGR,1981,,0,0,,,,,,
BGR,1982,,7,0,,,,,,
BGR,1983,,7,0,,,,,,
BGR,1984,,7,0,,,,,,
BGR,1985,,0,0,,,,,,
BGR,1986,,0,0,,,,,,
BGR,1987,,0,0,,,,,,
BGR,1988,,0,0,,,,,,
BGR,1989,,7,0,,,,,,
BGR,1990,,0,0,0.011009444,0,100.92826,2143.928,,
BGR,1991,,322,0,0.0128367,0,106.11245,2156.67,,
BGR,1992,,0,0,0.01475628,0,111.710075,2167.9656,,
BGR,1993,,0,0,0.016401887,0,114.04195,2175.6978,,
BGR,1994,,0,0,0.017699402,0,111.50685,2177.7693,,
BGR,1995,,0,0,0.01868145,0,116.767654,2173.7488,,
BGR,1996,,0,0,0.0194911,0,119.1531,2177.3691,,
BGR,1997,,0,0,0.02037197,0,116.0723,2194.128,,
BGR,1998,,0,0,0.021159418,0,115.49525,2213.7512,,
BGR,1999,,0,0,0.021997154,0,119.81373,2227.2556,,
BGR,2000,,0,0,0.022739042,0,124.17706,2221.8862,,
BGR,2001,,2,0,0.023959108,0,127.12123,2203.938,,
BGR,2002,,0,0,0.025888098,0,126.023384,2182.1008,,
BGR,2003,,0,0,0.028302012,0,121.941345,2155.778,,
BGR,2004,,0,0,0.031035813,0,117.19434,2123.2783,,
BGR,2005,,0,0,0.03345975,0,108.12531,2082.8672,,
BGR,2006,,0,0,0.035429712,0,99.5014,2029.2998,,
BGR,2007,,0,0,0.03671373,0,93.474434,1962.5781,,
BGR,2008,,0,0,0.037536174,0,88.92448,1889.5581,,
BGR,2009,,0,0,0.038303107,0,89.07485,1815.5931,,
BGR,2010,,0,0,0.039145973,0,95.13184,1746.6271,,
BGR,2011,,0,0,0.039412107,0,100.52341,1675.4545,,
BGR,2012,,0,0,0.038506925,0,103.85433,1596.809,,
BGR,2013,,0,0,0.037213195,0,112.937355,1518.3202,,
BGR,2014,,0,0,0.036112085,0,124.20582,1446.0608,,
BGR,2015,,0,0,0.03580212,0,132.90787,1385.8823,,
BGR,2016,,0,0,0.03684056,0,144.29713,1331.0686,,
BGR,2017,,0,0,0.037796814,0,156.15717,1277.4326,,
BGR,2018,,0,0,0.038106523,0,175.38518,1227.7742,,
BGR,2019,,0,0,0.03804577,0,173.81738,1179.822,,
BGR,2020,,0,0,,,,,,
BHR,1980,,42,0,,,,,,
BHR,1981,,35,0,,,,,,
BHR,1982,,0,0,,,,,,
BHR,1983,,0,0,,,,,,
BHR,1984,,0,0,,,,,,
BHR,1985,,0,0,,,,,,
BHR,1986,,0,0,,,,,,
BHR,1987,,0,0,,,,,,
BHR,1988,,0,0,,,,,,
BHR,1989,,0,0,,,,,,
BHR,1990,,0,0,0.0047965283,0,13.207953,178.12999,,
BHR,1991,,0,0,0.0048517827,0,13.644559,183.18065,,
BHR,1992,,0,0,0.00485006,0,13.814355,186.59013,,
BHR,1993,,14,0,0.0048201,0,13.56586,189.23912,,
BHR,1994,,0,0,0.0047784573,0,13.012018,191.77028,,
BHR,1995,,0,0,0.0047267783,0,12.431893,194.67876,,
BHR,1996,,0,0,0.0045580757,0,11.890666,197.45547,,
BHR,1997,,0,0,0.0042431126,0,11.475845,198.84941,,
BHR,1998,,0,0,0.0038762796,0,11.17879,199.46664,,
BHR,1999,,0,0,0.0035653266,0,11.034436,200.03319,,
BHR,2000,,0,0,0.0034401282,0,10.112326,201.53638,,
BHR,2001,,0,0,0.0035165518,0,10.354997,203.87628,,
BHR,2002,,0,0,0.0037150504,0,10.057216,208.14052,,
BHR,2003,,0,0,0.0040143463,0,9.969756,215.67548,,
BHR,2004,,0,0,0.0043739304,0,10.1595,225.23613,,
BHR,2005,,0,0,0.004727148,0,9.792827,234.35295,,
BHR,2006,,0,0,0.0049647135,0,10.473832,241.38885,,
BHR,2007,,0,0,0.0050188447,0,11.240419,247.09712,,
BHR,2008,,0,0,0.004979889,0,12.126398,253.76414,,
BHR,2009,,0,0,0.0049271556,0,13.142864,260.55432,,
BHR,2010,,0,0,0.0049744896,0,15.478553,265.73566,,
BHR,2011,,0,0,0.0050527127,0,14.891361,266.15173,,
BHR,2012,,0,0,0.0051202443,0,15.421727,264.768,,
BHR,2013,,0,0,0.0052067707,0,15.7223835,263.46265,,
BHR,2014,,0,0,0.0053196037,0,15.578448,261.80295,,
BHR,2015,,0,0,0.005462797,0,15.38592,259.16415,,8
BHR,2016,,0,0,0.0056065065,0,15.019904,254.4455,,
BHR,2017,,0,0,0.0056835916,0,15.094636,250.88515,,
BHR,2018,,0,0,0.005743729,0,15.699668,247.73611,,
BHR,2019,,0,0,0.0057985913,0,15.666963,243.05339,,
BHR,2020,,0,0,,,,,,
BHS,1980,,0,0,,,,,,
BHS,1981,,0,0,,,,,,
BHS,1982,,0,0,,,,,,
BHS,1983,,0,0,,,,,,
BHS,1984,,0,0,,,,,,
BHS,1985,,0,0,,,,,,
BHS,1986,,0,0,,,,,,
BHS,1987,,0,0,,,,,,
BHS,1988,,0,0,,,,,,
BHS,1989,,0,0,,,,,,
BHS,1990,,0,0,0.001654023,0,308.14337,56.097637,,
BHS,1991,,0,0,0.0015883755,0,467.7068,54.643467,,
BHS,1992,,0,0,0.0015263952,0,324.62207,53.24946,,
BHS,1993,,0,0,0.0014713488,0,272.32852,51.953808,,
BHS,1994,,0,0,0.001429142,0,295.05612,50.89464,,
BHS,1995,,0,0,0.0014017725,0,270.09152,50.25417,,
BHS,1996,,0,0,0.0013550586,0,238.8777,49.75081,,
BHS,1997,,0,0,0.0012737131,0,216.324,49.11809,,
BHS,1998,,0,0,0.0011819494,0,199.9364,48.510662,,
BHS,1999,,0,0,0.0011081352,0,145.45026,48.059155,,
BHS,2000,,0,0,0.0010848407,0,228.34792,47.904854,,
BHS,2001,,0,0,0.0011016225,0,212.40683,47.99915,,
BHS,2002,,0,0,0.001127299,0,201.63835,48.201855,,
BHS,2003,,0,0,0.0011672707,0,197.87932,48.484547,,
BHS,2004,,0,0,0.0012241902,0,223.2354,48.78568,,
BHS,2005,,0,0,0.001304425,0,225.8238,49.05166,,
BHS,2006,,0,0,0.0014347257,0,211.41199,49.121674,,
BHS,2007,,0,0,0.0016173846,0,214.28442,48.981216,,
BHS,2008,,0,0,0.0018225064,0,210.68214,48.740536,,
BHS,2010,,0,0,0.0021752398,0,216.6256,48.440296,,
BIH,1991,,0,0,1.3063489,0,5.974386,1252.3068,,
BIH,1992,,0,0,1.3380651,0,5.6403766,1240.075,,
BIH,1993,,0,0,1.3727772,0,5.188512,1219.8723,,
BIH,1994,,0,0,1.4178592,0,4.7262645,1193.0165,,
BIH,1995,,0,0,1.4449264,0,4.3690767,1159.1788,,
BIH,1996,,0,0,1.461226,0,4.214765,1136.0934,,
BIH,1997,,0,0,1.4364233,0,4.081757,1110.2296,,
BIH,1998,,0,0,1.3927256,0,3.7647285,1063.1956,,
BIH,1999,,0,0,1.3546659,0,3.6532266,1003.3889,,
BIH,2000,,0,0,1.329481,0,3.6777463,957.51874,,
BIH,2001,,0,0,1.3076755,0,4.212538,932.91364,,
BIH,2002,,0,0,1.2444015,0,5.0100594,916.9189,,
BIH,2003,,0,0,1.1462514,0,5.862404,904.2905,,
BIH,2004,,0,0,1.034148,0,6.183282,885.7057,,
BIH,2005,,0,0,0.9279425,0,6.166904,861.9461,,
BIH,2006,,0,0,0.8108592,0,6.376327,840.70605,,
BIH,2007,,0,0,0.67169094,0,6.615458,817.469,,
BIH,2008,,0,0,0.5355701,0,7.064184,789.77435,,
BIH,2009,,0,0,0.42568716,0,7.821633,763.24835,,
BIH,2010,,0,0,0.3643023,0,8.858048,739.5987,,
BIH,2011,,0,0,0.33272323,0,10.467231,717.1861,,
BIH,2012,,0,0,0.3039587,0,11.87916,694.5585,,
BIH,2013,,0,0,0.27761996,0,12.727072,672.2673,,
BIH,2014,,0,0,0.256047,0,11.484884,652.8208,,
BIH,2015,,0,0,0.24424027,0,10.827798,638.3604,,
BIH,2016,,0,0,0.23598012,0,10.452078,628.2817,,
BIH,2017,,0,0,0.22924855,0,10.225491,620.4975,,
BIH,2018,,0,0,0.22252913,0,9.9443655,601.0395,,
BIH,2019,,0,0,0.21970178,0,9.857321,565.5167,,
BIH,2020,,0,0,,,,,,
BLR,1991,,0,0,17.341595,0,231.02837,5559.856,,
BLR,1992,,7,0,18.169592,0,209.84709,5614.819,,
BLR,1993,,7,0,18.837755,0,212.99562,5657.9,,
BLR,1994,,14,0,19.221846,0,215.19698,5685.8037,,3
BLR,1995,,0,0,19.401659,0,230.5945,5696.899,,3
BLR,1996,,0,0,19.429785,0,261.8729,5703.508,,
BLR,1997,,0,0,19.212147,0,304.66144,5707.8975,,
BLR,1998,,0,0,18.898495,0,368.11362,5707.5923,,
BLR,1999,,0,0,18.532574,0,438.31775,5697.0205,,
BLR,2000,,0,0,18.326517,0,518.41815,5672.1216,,
BLR,2001,,0,0,18.36031,0,587.90625,5622.7124,,
BLR,2002,,0,0,18.5995,0,649.3107,5543.7534,,
BLR,2003,,0,0,19.029427,0,692.7518,5455.638,,
BLR,2004,,0,0,19.691963,0,721.7441,5371.1455,,
BLR,2005,,0,0,20.26118,0,714.4496,5295.096,,
BLR,2006,,0,0,20.782568,0,674.9848,5228.134,,
BLR,2007,,0,0,21.095892,0,659.5507,5152.5186,,
BLR,2008,,0,0,21.375154,0,665.6059,5060.0093,,
BLR,2009,,0,0,21.462952,0,715.26886,4933.2944,,
BLR,2010,,0,0,21.366903,0,810.5629,4759.3535,,
BLR,2011,,0,0,20.822056,0,920.36633,4477.5825,,
BLR,2012,,0,0,19.854893,0,1068.4408,4088.549,,
BLR,2013,,0,0,18.810736,0,1255.2542,3679.971,,
BLR,2014,,0,0,17.951342,0,1439.0386,3326.3794,,
BLR,2015,,0,0,17.473274,0,1645.9948,3108.5933,,
BLR,2016,,0,0,17.452972,0,1880.5791,3011.7744,,
BLR,2017,,0,0,17.40918,0,1921.08,2925.9548,,
BLR,2018,,0,0,17.444801,0,2025.0381,2812.5198,,
BLR,2019,,0,0,17.357056,0,1987.6143,2676.3665,,
BLR,2020,,0,0,,,,,,
BLZ,1980,,21,0,,,,,,
BLZ,1981,,0,0,,,,,,
BLZ,1982,,0,0,,,,,,
BLZ,1983,,0,0,,,,,,
BLZ,1984,,0,0,,,,,,
BLZ,1985,,0,0,,,,,,
BLZ,1986,,0,0,,,,,,
BLZ,1987,,0,0,,,,,,
BLZ,1988,,0,0,,,,,,
BLZ,1989,,0,0,,,,,,
BLZ,1990,,0,0,0.019758154,6051.6616,57.639984,67.990364,,
BLZ,1991,,0,0,0.014403569,5701.5366,62.234108,69.224335,,
BLZ,1992,,0,0,0.009641094,5358.997,67.29755,70.3936,,159
BLZ,1993,,0,0,0.0057951747,5033.0776,72.591805,71.561035,,135
BLZ,1994,,0,0,0.00322754,4733.31,78.01147,72.79789,,6
BLZ,1995,,0,0,0.002314402,4470.6104,85.76809,74.190186,,19
BLZ,1996,,0,0,0.002816468,4185.059,96.48037,75.32419,,26
BLZ,1997,,0,0,0.0040523624,3849.7412,107.0988,75.876656,,2
BLZ,1998,,0,0,0.005734186,3527.7542,125.97586,76.09775,,28
BLZ,1999,,0,0,0.007561648,3285.4001,142.95506,76.30561,,12
BLZ,2000,,0,0,0.009210507,3193.3647,160.13626,76.887886,,
BLZ,2001,,0,0,0.010753179,3193.1475,181.04243,77.20671,,
BLZ,2002,,0,0,0.01242991,3171.2844,186.70741,76.67931,,
BLZ,2003,,0,0,0.014141539,3119.9316,167.85284,75.88374,,
BLZ,2004,,0,0,0.015779575,3030.218,140.1338,75.494354,,
BLZ,2005,,0,0,0.017231986,2892.8699,114.59919,76.323425,,
BLZ,2006,,0,0,0.018660365,2545.5435,107.48909,78.4042,,
BLZ,2007,,0,0,0.020239053,1930.5876,102.34638,80.97801,,
BLZ,2008,,0,0,0.021837493,1213.5574,103.760864,83.75067,,
BLZ,2010,,0,0,0.024347978,266.39453,134.66939,88.42858,,
BOL,1980,,336,0,,,,,,
BOL,1981,,63,0,,,,,,
BOL,1982,,70,0,,,,,,
BOL,1983,,49,0,,,,,,
BOL,1984,,0,0,,,,,,
BOL,1985,,0,0,,,,,,
BOL,1986,,28,0,,,,,,
BOL,1987,,49,0,,,,,,
BOL,1988,,7,0,,,,,,
BOL,1989,,14,0,,,,,,
BOL,1990,,0,0,6.4129734,524628.5,767.968,13384.729,,
BOL,1991,,0,0,5.9606957,488725,762.9625,13392.261,,206
BOL,1992,,0,0,5.508675,451223.78,772.9805,13398.249,,22260
BOL,1993,,0,0,5.081058,412753.28,786.0211,13405.585,,10134
BOL,1994,,0,0,4.6754518,373978.34,792.9892,13411.01,,2710
BOL,1995,,0,0,4.2980895,335659.12,792.8319,13411.54,,2293
BOL,1996,,0,0,3.9221678,288883.6,783.7369,13390.389,,2847
BOL,1997,,0,0,3.528864,230612.72,765.46674,13337.812,,1632
BOL,1998,,0,0,3.140107,171280.81,737.4031,13261.228,,466
BOL,1999,,0,0,2.7861104,122467.49,710.93463,13168.22,,
BOL,2000,,0,0,2.500997,96823.89,692.8599,13068.384,,
BOL,2001,,0,0,2.253631,87350.73,685.63354,12933.063,,
BOL,2002,,0,0,2.0071945,78220.95,701.7398,12740.017,,
BOL,2003,,0,0,1.7792448,69663.7,744.40814,12520.051,,
BOL,2004,,0,0,1.5945752,61928.88,814.01843,12304.716,,
BOL,2005,,0,0,1.4804528,55275.227,909.09235,12129.27,,
BOL,2006,,0,0,1.4256363,49550.402,1035.0078,11998.645,,
BOL,2007,,0,0,1.3811723,44367.164,1169.4858,11884.305,,
BOL,2008,,0,0,1.3489034,39623.164,1312.0088,11779.463,,
BOL,2009,,0,0,1.3279519,35201.965,1434.5494,11673.098,,
BOL,2010,,0,0,1.3172007,30969.781,1542.8296,11554.039,,
BOL,2011,,0,0,1.3114159,26780.662,1589.3987,11425.822,,
BOL,2012,,0,0,1.3142883,22671.71,1583.6582,11291.325,,
BOL,2013,,0,0,1.3190622,18775.488,1627.7424,11138.6045,,
BOL,2014,,0,0,1.3209883,15232.869,1650.5504,10953.245,,
BOL,2015,,0,0,1.3144938,12194.988,1636.8777,10720.153,,
BOL,2016,,0,0,1.2821299,9713.518,1560.6143,10352.169,,
BOL,2017,,0,0,1.2490672,7709.8633,1572.9089,10036.032,,
BOL,2018,,0,0,1.2434165,6266.4175,1586.8198,9901.166,,
BOL,2019,,0,0,1.2495567,5407.9565,1597.6351,9847.986,,
BOL,2020,,0,0,,,,,,
BRA,1980,,9394,0,,,,,,
BRA,1981,,854,0,,,,,,
BRA,1982,,483,0,,,,,,
BRA,1983,,315,0,,,,,,
BRA,1984,,574,0,,,,,,
BRA,1985,,2303,0,,,,,,
BRA,1986,,4284,0,,,,,,
BRA,1987,,1379,0,,,,,,
BRA,1988,,749,0,,,,,,
BRA,1989,,175,0,,,,,,
BRA,1990,,0,0,83.63344,2036859.1,26948.254,63788.08,,
BRA,1991,,0,0,69.74914,2025053.6,24791.227,66109.195,,2103
BRA,1992,,0,0,56.735336,2002818.4,24989.883,68097.39,,30317
BRA,1993,,0,0,45.39826,1973263.4,26734.35,69807.12,,59212
BRA,1994,,0,0,36.56222,1939571.8,29024.24,71317.95,,49455
BRA,1995,,0,0,31.059652,1904921.1,31690.27,72731.24,,15915
BRA,1996,,0,0,27.892899,1855068,36261.746,72761.75,,5522
BRA,1997,,0,0,25.383741,1783854.8,41368.48,70750.04,,2881
BRA,1998,,0,0,23.345978,1706992.2,46679.664,67787.5,,2571
BRA,1999,,0,0,21.580233,1641416.1,52335.84,65099.94,,4495
BRA,2000,,0,0,19.875423,1605159.5,50734.56,64063.59,,715
BRA,2001,,0,0,17.978935,1576930,46624.977,64391.93,,7
BRA,2002,,0,0,15.875821,1530313.2,45399.36,64827.934,,
BRA,2003,,0,0,13.719372,1477403.6,45136.887,65351.02,,
BRA,2004,,0,0,11.675186,1431827.8,45298.367,65916.54,,21
BRA,2005,,0,0,9.921415,1408911.6,46295.887,66456,,5
BRA,2006,,0,0,8.255371,1340957.6,47101.875,66329.05,,
BRA,2007,,0,0,6.4833884,1181858.8,47582.098,65261.99,,
BRA,2008,,0,0,4.8169174,983513.3,49180.832,63774.504,,
BRA,2009,,0,0,3.4788373,801651.1,51691.766,62454.12,,
BRA,2010,,0,0,2.7039893,695640.75,54817.996,61961.773,,
BRA,2011,,0,0,2.305674,625064.8,57201.125,62070.21,,1
BRA,2012,,0,0,1.9509403,524171.47,59722.184,62119.92,,
BRA,2013,,0,0,1.6640034,418613.62,62648.29,62171.953,,
BRA,2014,,0,0,1.4713116,336343.6,65659.15,62278.97,,
BRA,2015,,0,0,1.4012498,307484.2,65520.316,62492.06,,
BRA,2016,,0,0,1.5137854,335778.38,65086.71,64088.47,,
BRA,2017,,0,0,1.6396914,363743.34,64734.395,65635.97,,
BRA,2018,,0,0,1.6205786,337189,64317.918,65528.69,,
BRA,2019,,0,0,1.5104233,259752.39,64763.234,64641.355,,
BRA,2020,,0,0,,,,,,
BRB,1980,,0,0,,,,,,
BRB,1981,,0,0,,,,,,
BRB,1982,,0,0,,,,,,
BRB,1983,,0,0,,,,,,
BRB,1984,,0,0,,,,,,
BRB,1985,,0,0,,,,,,
BRB,1986,,0,0,,,,,,
BRB,1987,,0,0,,,,,,
BRB,1988,,0,0,,,,,,
BRB,1989,,0,0,,,,,,
BRB,1990,,0,0,0.006886444,0,87.559006,31.56529,,
BRB,1991,,0,0,0.0064080977,0,89.20039,30.769571,,
BRB,1992,,0,0,0.005912091,0,88.65066,29.953423,,
BRB,1993,,0,0,0.005465034,0,86.76474,29.127693,,
BRB,1994,,0,0,0.005141724,0,83.48273,28.31678,,
BRB,1995,,0,0,0.00502119,0,80.90013,27.549547,,
BRB,1996,,0,0,0.0049421377,0,79.4604,26.742962,,
BRB,1997,,0,0,0.0047510755,0,78.08847,25.870117,,
BRB,1998,,0,0,0.0045356406,0,76.38534,25.040598,,
BRB,1999,,0,0,0.004381211,0,75.01343,24.362495,,
BRB,2000,,0,0,0.004370021,0,73.455345,23.93168,,
BRB,2001,,0,0,0.004485768,0,70.618996,23.682882,,
BRB,2002,,0,0,0.004645394,0,69.68538,23.48129,,
BRB,2003,,0,0,0.004838463,0,82.07176,23.333107,,
BRB,2004,,0,0,0.0050608492,0,85.58993,23.260622,,
BRB,2005,,0,0,0.005320478,0,74.72339,23.29512,,
BRB,2006,,0,0,0.0057264194,0,66.83081,23.43769,,
BRB,2007,,0,0,0.0063111424,0,62.27884,23.631414,,
BRB,2008,,0,0,0.0069631995,0,59.63304,23.84071,,
BRB,2010,,0,0,0.00796433,0,62.623695,24.165464,,
BRN,1980,,0,0,,,,,,
BRN,1981,,0,0,,,,,,
BRN,1982,,0,0,,,,,,6
BRN,1983,,0,0,,,,,,
BRN,1984,,0,0,,,,,,
BRN,1985,,0,0,,,,,,
BRN,1986,,0,0,,,,,,
BRN,1987,,0,0,,,,,,
BRN,1988,,0,0,,,,,,
BRN,1989,,0,0,,,,,,
BRN,1990,,0,0,0.058247562,0,4.843064,155.05913,,
BRN,1991,,0,0,0.071790025,0,5.538673,154.95436,,
BRN,1992,,0,0,0.08241813,0,6.3724866,155.12416,,
BRN,1993,,0,0,0.09096214,0,7.1490293,155.61667,,
BRN,1994,,0,0,0.09763266,0,7.6222715,156.62827,,
BRN,1995,,0,0,0.10267739,0,7.9001513,158.3501,,
BRN,1996,,0,0,0.09953447,0,8.249547,160.86453,,
BRN,1997,,0,0,0.08332432,0,8.624324,164.09726,,
BRN,1998,,0,0,0.061161462,0,9.194968,167.6241,,
BRN,1999,,0,0,0.03964211,0,9.484067,171.07318,,93
BRN,2000,,0,0,0.026372349,0,20.853146,174.03363,,
BRN,2001,,0,0,0.020040734,0,20.40916,174.2057,,
BRN,2002,,0,0,0.0137921255,0,20.545778,171.07115,,
BRN,2003,,0,0,0.00827144,0,20.121607,166.4339,,
BRN,2004,,0,0,0.004214977,0,19.838978,162.65259,,
BRN,2005,,0,0,0.0024107392,0,19.751926,162.21387,,
BRN,2006,,0,0,0.0019680418,0,20.494265,164.57666,,
BRN,2007,,0,0,0.0015723995,0,21.314978,167.53415,,
BRN,2008,,0,0,0.001246573,0,22.544987,170.94446,,
BRN,2009,,0,0,0.0010263145,0,25.036013,174.68932,,
BRN,2010,,0,0,0.0009541847,0,27.344934,178.69302,,
BRN,2011,,0,0,0.0011557526,0,29.932495,182.34947,,3
BRN,2012,,0,0,0.0016415564,0,32.198692,185.55241,,
BRN,2013,,0,0,0.002263421,0,34.185524,188.25368,,
BRN,2014,,0,0,0.0028737884,0,35.803978,190.76039,,
BRN,2015,,0,0,0.003276399,0,38.816433,193.43336,,
BRN,2016,,0,0,0.003524978,0,40.08801,194.514,,
BRN,2017,,0,0,0.0036938528,0,40.521816,194.92548,,
BRN,2018,,0,0,0.0037258477,0,40.769756,195.53416,,
BRN,2019,,0,0,0.0036237205,0,41.091755,195.2157,,
BRN,2020,,0,0,,,,,,
BTN,1980,,42,0,,,,,,
BTN,1981,,0,0,,,,,,
BTN,1982,,0,0,,,,,,
BTN,1984,,49,0,,,,,,
BTN,1985,,14,0,,,,,,
BTN,1986,,42,0,,,,,,
BTN,1987,,0,0,,,,,,
BTN,1988,,252,0,,,,,,
BTN,1989,,0,0,,,,,,
BTN,1990,,0,0,4.537616,283252.53,25.195093,1603.0831,,
BTN,1991,,0,0,4.2959814,219335.47,22.765972,1528.1729,,422
BTN,1992,,0,0,4.11237,166941.86,21.48005,1472.7197,,494
BTN,1993,,0,0,4.016159,126903.07,22.080523,1445.9978,,
BTN,1994,,0,0,3.9559896,96805.984,22.808584,1427.4858,,
BTN,1995,,0,0,3.9211993,77667.53,24.39267,1411.4991,,25
BTN,1997,,0,0,3.8229947,54090.793,28.747353,1353.5839,,
BTN,1998,,2,0,3.7350466,44492.22,31.05694,1310.3729,,19
BTN,1999,,0,0,3.625098,36708.375,33.457245,1263.3945,,
BTN,2000,,0,0,3.505536,31088.531,35.694695,1220.3273,,
BTN,2001,,0,0,3.3331864,26195.09,37.877575,1181.6959,,
BTN,2002,,0,0,3.0901964,20828.06,40.03678,1143.8561,,
BTN,2003,,0,0,2.825276,15594.679,42.43126,1105.996,,
BTN,2004,,0,0,2.5888693,11138.241,44.471638,1067.413,,
BTN,2005,,0,0,2.438347,8155.25,47.175518,1030.9254,,
BTN,2006,,0,0,2.3658931,6249.6885,50.298676,997.2474,,
BTN,2007,,0,0,2.3196046,4587.57,53.080044,966.01324,,
BTN,2008,,0,0,2.2912552,3206.644,56.797447,939.08,,
BTN,2009,,0,0,2.2674594,2152.5989,60.017067,916.2593,,
BTN,2010,,0,0,2.2370682,1496.3928,62.89119,898.9573,,
BTN,2011,,0,0,2.1793964,1087.2994,68.05614,884.2922,,
BTN,2012,,0,0,2.087356,728.98267,70.17269,866.5601,,
BTN,2013,,0,0,1.9807339,439.12784,72.133446,847.1412,,
BTN,2014,,0,0,1.8813996,232.19106,76.26368,828.35504,,
BTN,2015,,0,0,1.8080677,118.77861,77.64037,811.0164,,
BTN,2016,,0,0,1.7567648,63.117958,75.843124,794.7175,,
BTN,2017,,0,0,1.7150006,38.087547,75.7578,778.51245,,
BTN,2018,,0,0,1.6749796,47.06151,75.47474,755.5536,,
BTN,2019,,0,0,1.6316248,80.26916,74.84879,724.7581,,
BTN,2020,,0,0,,,,,,
BWA,1980,,7,0,,,,,,
BWA,1981,,7,0,,,,,,
BWA,1982,,28,0,,,,,,
BWA,1983,,14,0,,,,,,
BWA,1984,,35,0,,,,,,
BWA,1985,,21,0,,,,,,
BWA,1986,,14,0,,,,,,
BWA,1987,,7,0,,,,,,
