Year,Number_yaws,polio_cases,cases_guinea_worm,Number_rabies,Number_malaria,Number_hiv,Number_tuberculosis,Number_smallpox,Number_cholera_cases,id,entity_id
1993,,7,0,1.7526449,1284.2754,172.61952,9470.078,,,1,3
1980,,6160,0,,,,,,,2,1
2008,,0,0,0.004979889,0,12.126398,253.76414,,,3,13
2005,,0,0,5.0500464,21.43494,38.06618,1461.1708,,,4,8
1981,,5859,0,,,,,,,5,1
1994,,28,0,1.7383995,979.4008,198.84825,9237.549,,118,6,3
1982,,9730,0,,,,,,,7,1
1995,,28,0,1.7248231,751.8313,229.40805,9036.629,,,8,3
2009,,0,0,0.0049271556,0,13.142864,260.55432,,,9,13
1983,,13937,0,,,,,,,10,1
1996,,8,0,1.7078826,569.6513,249.64938,8853.549,,,11,3
2010,,0,0,0.0049744896,0,15.478553,265.73566,,,12,13
2011,,0,0,0.0050527127,0,14.891361,266.15173,,,13,13
2006,,0,0,3.9187043,13.808646,40.95977,1451.2924,,,14,8
1984,,3864,0,,,,,,,15,1
2012,,0,0,0.0051202443,0,15.421727,264.768,,,16,13
1997,,0,0,1.6842893,393.7096,285.9304,8666.493,,,17,3
2007,,0,0,2.96246,7.8134704,46.922333,1427.3193,,,18,8
2008,,0,0,2.1923928,3.4925132,53.550278,1394.9037,,,19,8
2013,,0,0,0.0052067707,0,15.7223835,263.46265,,,20,13
1985,,13867,0,,,,,,,21,1
2014,,0,0,0.0053196037,0,15.578448,261.80295,,,22,13
1998,,0,0,1.6557883,240.33974,325.85864,8482.409,,,23,3
2015,,0,0,0.005462797,0,15.38592,259.16415,,8,24,13
1986,,12901,0,,,,,,,25,1
2009,,0,0,1.6251274,0.87811846,64.72161,1359.0637,,,26,8
1999,,11,0,1.628756,127.375824,354.126,8306.235,,,27,3
1987,,4396,0,,,,,,,28,1
2000,,0,0,1.6059587,74.05169,413.72794,8143.844,,,29,3
2016,,0,0,0.0056065065,0,15.019904,254.4455,,,30,13
2010,,0,0,1.2480956,0,85.29706,1324.1011,,,31,8
2017,,0,0,0.0056835916,0,15.094636,250.88515,,,32,13
2011,,0,0,0.972228,0,112.35193,1263.2972,,,33,8
1988,,2149,0,,,,,,,34,1
2001,,2,0,1.5867167,58.935696,458.6117,7989.962,,,35,3
2012,,0,0,0.7239341,0,129.80846,1164.6361,,,36,8
1989,,385,0,,,,,,,37,1
2002,,0,0,1.567329,46.90413,485.5604,7838.249,,,38,3
2013,,0,0,0.52517515,0,165.58264,1054.1833,,,39,8
2014,,0,0,0.40031832,0,161.76479,956.91174,,,40,8
2018,,0,0,0.005743729,0,15.699668,247.73611,,,41,13
2019,,0,0,0.0057985913,0,15.666963,243.05339,,,42,13
2020,,0,0,,,,,,,43,13
1980,,455,0,,,,,,,44,14
1981,,686,0,,,,,,,45,14
1982,,2233,0,,,,,,,46,14
1983,,896,0,,,,,,,47,14
2003,,0,0,1.5499105,37.648167,543.68384,7691.8486,,,48,3
1984,,896,0,,,,,,,49,14
1985,,623,0,,,,,,,50,14
2004,,0,0,1.5327456,30.810043,589.6671,7555.5605,,,51,3
1986,,1106,0,,,,,,,52,14
1987,,714,0,,,,,,523,53,14
2005,,0,0,1.516881,25.98132,619.7907,7431.977,,0,54,3
1988,,3780,0,,,,,,571,55,14
2006,,0,0,1.4968573,21.855423,659.29315,7308.8574,,0,56,3
1989,,3143,0,,,,,,94,57,14
2007,,0,0,1.4696891,17.753695,727.65765,7181.0386,,,58,3
1990,,2618,0,1309.1222,3897611.8,0,386013.84,,82,59,14
1991,,2009,0,1465.3674,3355832.8,0,380234.53,,8,60,14
2008,,0,0,1.4403008,14.199883,757.0938,7062.9556,,,61,3
2009,,0,0,1.415227,11.758157,781.954,6972.407,,,62,3
1992,,1463,0,1583.1517,2834385.2,0,374052.75,,479,63,14
2010,,0,0,1.4001803,11.032654,828.42773,6927.125,,,64,3
1993,,1631,0,1665.8058,2363462.5,0,367719.3,,78,65,14
2011,,0,0,1.3923714,11.914819,836.8864,6927.1875,,,66,3
1994,,2023,0,1715.1091,1970568,67.82152,361107.53,,562,67,14
2012,,0,0,1.3844948,13.567051,883.8523,6949.8745,,,68,3
1995,,343,0,1734.7075,1685329.6,31.498789,354307.16,,2297,69,14
2013,,0,0,1.376196,15.501364,839.57666,6980.994,,,70,3
1996,,108,0,1684.6005,1466432.5,50.0255,347056.34,,418,71,14
1997,,192,0,1548.4496,1262366.8,64.813446,339280.72,,1959,72,14
2014,,0,0,1.3679993,17.193447,840.17163,7004.667,,,73,3
1990,,336,0,2.145772,1219845.8,87.665596,16303.112,,,74,1
2015,,0,0,1.3615261,18.083479,749.411,7003.6787,,,75,3
2016,,0,0,1.3521076,12.584504,632.9256,6930.4746,,,76,3
1998,,332,0,1366.4799,1087575.8,95.272705,331402.78,,1067,77,14
1991,,14,0,2.3209748,1132781.5,103.77359,17582.254,,,78,1
1999,,436,0,1180.5101,957208.5,130.31166,323877.12,,3440,79,14
2017,,0,0,1.3470328,6.3211403,649.5632,6873.661,,,80,3
2000,,220,0,1033.1205,887203.4,188.34357,317146.47,,1021,81,14
2018,,0,0,1.3475577,6.8618975,664.2919,6889.4663,,,82,3
2001,,0,0,911.6814,855652.75,263.1729,311337.72,,,83,14
1995,,0,0,3.126361,725758.3,143.54527,22163.428,,19903,84,1
2002,,0,0,783.8528,827420.7,358.79233,306050.72,,,85,14
1997,,21,0,3.446122,605853.06,160.59525,23140.863,,4170,86,1
2019,,0,0,1.3461609,10.671482,675.619,6921.8545,,,87,3
1998,,65,0,3.5570247,547045.4,164.60725,23179.447,,10000,88,1
2020,,0,0,,,,,,,89,3
2003,,0,0,662.91003,798777.5,439.18604,300980.38,,,90,14
1999,,0,0,0.000071659604,0,3.403286,3.752964,,,91,4
1999,,167,0,3.607037,502898.88,168.99359,22944.182,,24639,92,1
2000,,0,0,0.00007323388,0,3.2728791,3.6276813,,,93,4
2000,,133,0,3.6362348,491614.72,177.66675,22879.678,,4330,94,1
2004,,0,0,562.57874,765808.56,510.30527,295866.47,,,95,14
2001,,22,0,3.7118323,511626.2,192.51457,23330.46,,4499,96,1
2015,,0,0,0.3507421,0,146.89513,898.96936,,,97,8
2001,,0,0,0.00007490333,0,3.2626088,3.5448394,,,98,4
2005,,0,0,496.23456,724349.25,579.2955,290337.34,,,99,14
2002,,11,0,3.841707,546030.6,208.17296,24148.05,,3,100,1
2006,,20,0,451.84375,668152.94,623.5576,284089.44,,,101,14
2007,,0,0,408.7992,597840.25,669.7744,277240.62,,,102,14
2016,,0,0,0.34852454,0,124.50519,873.1816,,,103,8
2003,,9,0,3.914814,574740.3,220.20476,24519.38,,41,104,1
2002,,0,0,0.000076819575,0,6.240559,3.508046,,,105,4
2008,,0,0,369.18692,519612.75,720.3843,270208.56,,,106,14
2004,,4,0,3.9608393,601074,233.17265,24681.549,,,107,1
2003,,0,0,0.000080288526,0,4.170553,3.7045834,,,108,4
2004,,0,0,0.00008412276,0,3.7917151,3.8746126,,,109,4
2009,,0,0,335.1646,440074.25,737.87836,263415.38,,,110,14
2005,,0,0,0.0000862387,0,6.3877287,3.8998456,,,111,4
2017,,0,0,0.35426956,0,126.82312,849.0223,,,112,8
2005,,10,0,3.9896567,625202.75,244.33427,24736.137,,33,113,1
2006,,0,0,0.000088797686,0,4.244847,3.9388938,,,114,4
2018,,0,0,0.3604499,0,129.29773,817.54645,,,115,8
2006,,34,0,3.929627,605759,252.45116,24318.215,,,116,1
2010,,0,0,309.00803,366269.1,754.13763,257248.53,,,117,14
2019,,0,0,0.36901894,0,127.89752,778.1901,,,118,8
2007,,19,0,3.826987,540832.3,268.99326,23911.043,,,119,1
2011,,0,0,286.92392,290096.6,695.5441,251400.52,,,120,14
2008,,34,0,3.7016175,453018.84,282.07034,23510.375,,4384,121,1
2012,,0,0,264.22125,206261.03,700.9277,245452.64,,,122,14
2020,,0,0,,,,,,,123,8
2007,,0,0,0.00009140372,0,4.251151,3.9337988,,,124,4
2013,,0,0,242.6958,126956.34,673.8707,239747.97,,,125,14
1980,,0,0,,,,,,2,126,9
2009,,42,0,3.568791,368269,290.23172,23083.846,,662,127,1
2008,,0,0,0.00009370595,0,5.620337,3.896008,,,128,4
1981,,0,0,,,,,,2,129,9
2009,,0,0,0.000095917705,0,7.6479607,3.77511,,,130,4
2014,,0,0,224.17964,65245.86,661.0987,234641.28,,,131,14
2010,,0,0,0.000098153556,0,5.607729,3.684505,,,132,4
2010,,33,0,3.4966226,324376.8,301.3223,22966.498,,2369,133,1
2015,,0,0,210.78755,35057.75,639.71985,230603.25,,,134,14
2011,,0,0,0.00009777516,0,5.0547557,3.3512278,,,135,4
2011,,90,0,3.4693305,313173.53,330.21848,23015.777,,3733,136,1
1982,,0,0,,,,,,1,137,9
2012,,0,0,0.000102749,0,6.523293,3.1693554,,,138,4
2012,,51,0,3.4304512,303789.6,459.22284,23064.814,,12,139,1
1983,,0,0,,,,,,4,140,9
2016,,0,0,201.96909,28362.418,634.1214,228013.83,,,141,14
2013,,19,0,3.3869221,297651.5,525.6841,23117.854,,3957,142,1
1984,,0,0,,,,,,1,143,9
2017,,0,0,194.82874,23437.12,638.5542,225577.66,,,144,14
2014,,31,0,3.3300812,294260.03,592.7875,23040.713,,45481,145,1
2013,,0,0,0.00010904389,0,6.6046453,3.0530906,,,146,4
2018,,0,0,187.57178,16841.11,640.51056,221509.11,,566,147,14
1985,,0,0,,,,,,2,148,9
2014,,0,0,0.00011575338,0,6.743381,2.989043,,,149,4
1986,,7,0,,,,,,,150,9
2019,,0,0,180.40259,9460.737,641.7565,215988.44,,503,151,14
2015,,0,0,0.00012227679,0,6.86304,2.948139,,,152,4
1987,,0,0,,,,,,1,153,9
2015,,22,0,3.3108234,298038.5,669.6386,23044.637,,58064,154,1
2020,,0,0,,,,,,212,155,14
2016,,0,0,0.00012582859,0,6.871717,2.9053857,,,156,4
1988,,0,0,,,,,,1,157,9
2016,,14,0,3.3374228,345016.8,718.0141,23112.873,,677,158,1
1980,,0,0,,,,,,,159,15
2017,,0,0,0.00013157535,0,7.081359,2.9467227,,,160,4
2017,,16,0,3.379239,427513.62,765.24567,23483.064,,33,161,1
1989,,0,0,,,,,,,162,9
2018,,23,0,3.3948505,629438.06,810.9223,23930.367,,,163,1
1981,,0,0,,,,,,,164,15
2018,,0,0,0.00013464199,0,7.2311435,2.9978974,,,165,4
2019,,32,0,3.387213,998712.1,849.66254,23717.326,,2,166,1
1982,,0,0,,,,,,,167,15
2019,,0,0,0.00013845737,0,7.378066,3.0567908,,,168,4
1990,,0,0,0.01537558,0,1158.6019,1430.4984,,,169,9
1991,,0,0,0.014952987,0,1076.6482,1416.0972,,,170,9
1983,,0,0,,,,,,,171,15
2020,,404,0,,,,,,,172,1
2020,,0,0,,,,,,,173,4
1992,,0,0,0.014426901,0,1040.3671,1396.2115,,3,174,9
1984,,0,0,,,,,,,175,15
1980,,224,0,,,,,,,176,5
1993,,0,0,0.013829989,0,988.3936,1373.5801,,5,177,9
1985,,0,0,,,,,,,178,15
1981,,84,0,,,,,,,179,5
1994,,0,0,0.013184941,0,970.4855,1350.5972,,3,180,9
1986,,0,0,,,,,,,181,15
1987,,0,0,,,,,,,182,15
1982,,42,0,,,,,,,183,5
1980,,7,0,,,,,,,184,2
1988,,0,0,,,,,,,185,15
1983,,0,0,,,,,,,186,5
1981,,7,0,,,,,,,187,2
1995,,0,0,0.012567361,0,964.9519,1329.9636,,5,188,9
1984,,21,0,,,,,,,189,5
1982,,0,0,,,,,,,190,2
1996,,0,0,0.011871827,0,1180.8098,1301.4894,,2,191,9
1983,,0,0,,,,,,,192,2
1997,,0,0,0.011170553,0,1357.1382,1259.9199,,2,193,9
1984,,0,0,,,,,,,194,2
1985,,98,0,,,,,,,195,5
1998,,0,0,0.010698311,0,1210.0197,1216.2649,,5,196,9
1986,,259,0,,,,,,,197,5
1999,,0,0,0.010655328,0,1195.757,1182.4094,,4,198,9
1985,,7,0,,,,,,,199,2
1987,,105,0,,,,,,16222,200,5
2000,,0,0,0.01118332,0,1104.0942,1170.0035,,1,201,9
1988,,0,0,,,,,,15500,202,5
1986,,0,0,,,,,,,203,2
1989,,0,0,,,,,,17601,204,5
1987,,0,0,,,,,,,205,2
1991,,0,0,15.457628,3509191.5,3828.9988,31776.87,,8590,206,5
2001,,0,0,0.012170503,0,996.7928,1171.5183,,2,207,9
1988,,0,0,,,,,,,208,2
1992,,0,0,15.613657,3633420.5,5121.842,32864.617,,3608,209,5
2002,,0,0,0.013318042,0,945.9995,1172.19,,5,210,9
1989,,0,0,,,,,,,211,2
2003,,0,0,0.014565649,0,900.99457,1172.8392,,,212,9
2004,,0,0,0.015821518,0,942.99646,1175.0764,,2,213,9
1993,,1043,0,15.721999,3761338.8,6623.8984,33963.746,,,214,5
1990,,0,0,0.024380464,0,3.1844528,216.81024,,,215,2
2005,,0,0,0.016981225,0,917.2,1181.1459,,2,216,9
1991,,7,0,0.024485007,0,3.4546475,211.27489,,,217,2
1992,,0,0,0.02434144,0,3.6710289,205.64603,,,218,2
2006,,0,0,0.018252635,0,978.9934,1191.7349,,3,219,9
1993,,7,0,0.024078405,0,3.7128205,200.16772,,,220,2
2007,,0,0,0.019713476,0,1064.9827,1206.165,,3,221,9
1994,,0,0,0.023829417,0,3.6294198,195.05692,,626,222,2
2008,,0,0,0.021293463,0,1026.9813,1222.9801,,,223,9
2009,,0,0,0.022942321,0,1085.3138,1241.3044,,,224,9
2010,,0,0,0.024786152,0,1028.7885,1259.8943,,3,225,9
1995,,0,0,0.023583047,0,3.6543012,190.382,,,226,2
1996,,153,0,0.023025803,0,3.6918812,186.26813,,,227,2
1997,,0,0,0.02228408,0,3.6656888,187.33731,,,228,2
1989,,0,0,,,,,,,229,15
1998,,0,0,0.021406677,0,3.3509865,188.06995,,,230,2
2011,,0,0,0.028640883,0,1032.249,1277.1637,,6,231,9
1990,,0,0,0.006886444,0,87.559006,31.56529,,,232,15
2012,,0,0,0.03525196,0,1108.8146,1293.495,,5,233,9
1991,,0,0,0.0064080977,0,89.20039,30.769571,,,234,15
1999,,0,0,0.020316478,0,3.0105524,178.31313,,,235,2
1992,,0,0,0.005912091,0,88.65066,29.953423,,,236,15
2013,,0,0,0.042860776,0,1171.1143,1308.3037,,3,237,9
1993,,0,0,0.005465034,0,86.76474,29.127693,,,238,15
2000,,0,0,0.019605858,0,2.8395562,169.36588,,,239,2
2014,,0,0,0.04974804,0,1217.3619,1321.5658,,2,240,9
2001,,0,0,0.018726408,0,3.0764673,164.97337,,,241,2
2015,,0,0,0.05428063,0,1291.067,1333.6388,,2,242,9
2002,,0,0,0.016977258,0,3.2796018,160.23256,,,243,2
2003,,0,0,0.014738346,0,3.499513,155.23741,,,244,2
1994,,0,0,0.005141724,0,83.48273,28.31678,,,245,15
2004,,0,0,0.012657572,0,3.3179362,150.11584,,,246,2
2016,,0,0,0.055543594,0,1350.7949,1335.7676,,1,247,9
1995,,0,0,0.00502119,0,80.90013,27.549547,,,248,15
2017,,0,0,0.05548405,0,1410.1378,1337.8672,,3,249,9
1996,,0,0,0.0049421377,0,79.4604,26.742962,,,250,15
2018,,0,0,0.054880887,0,1473.1278,1352.401,,,251,9
1997,,0,0,0.0047510755,0,78.08847,25.870117,,,252,15
2005,,0,0,0.011491771,0,2.9770734,145.20651,,,253,2
1998,,0,0,0.0045356406,0,76.38534,25.040598,,,254,15
1994,,378,0,15.794446,3894744,8285.543,35081.34,,3443,255,5
2019,,0,0,0.052932423,0,1487.2773,1373.7148,,2,256,9
1995,,1064,0,15.855254,4036519.2,10038.777,36252.2,,3295,257,5
1999,,0,0,0.004381211,0,75.01343,24.362495,,,258,15
2020,,0,0,,,,,,,259,9
1996,,90,0,15.808929,4185122,11805.031,37436.49,,1306,260,5
2000,,0,0,0.004370021,0,73.455345,23.93168,,,261,15
1997,,17,0,15.596138,4338616,13511.703,38623.605,,,262,5
1980,,7,0,,,,,,,263,10
1998,,8,0,15.278044,4495673,15092.233,39828.668,,,264,5
1981,,0,0,,,,,,,265,10
2001,,0,0,0.004485768,0,70.618996,23.682882,,,266,15
1982,,0,0,,,,,,,267,10
2002,,0,0,0.004645394,0,69.68538,23.48129,,,268,15
1983,,0,0,,,,,,,269,10
2003,,0,0,0.004838463,0,82.07176,23.333107,,,270,15
1999,,1224,0,14.939104,4658156,16503.838,41103.375,,,271,5
2000,,128,0,14.682077,4828811,17736.984,42523.562,,,272,5
1984,,0,0,,,,,,,273,10
2001,,2,0,14.48669,5013270.5,18791.828,44091.53,,,274,5
2004,,0,0,0.0050608492,0,85.58993,23.260622,,,275,15
1985,,0,0,,,,,,,276,10
2002,,0,0,14.274555,5212388.5,19714.244,45769.617,,,277,5
2005,,0,0,0.005320478,0,74.72339,23.29512,,,278,15
2003,,0,0,14.057841,5418972,20583.143,47526.805,,,279,5
2006,,0,0,0.0057264194,0,66.83081,23.43769,,,280,15
2007,,0,0,0.0063111424,0,62.27884,23.631414,,,281,15
2004,,0,0,13.846846,5623625.5,21474.666,49314.883,,,282,5
2008,,0,0,0.0069631995,0,59.63304,23.84071,,,283,15
2010,,0,0,0.00796433,0,62.623695,24.165464,,,284,15
2005,,11,0,13.6558,5815446,22352.492,51101.008,,0,285,5
2006,,2,0,13.443765,5747149,23393.164,52816.234,,67257,286,5
1991,,0,0,17.341595,0,231.02837,5559.856,,,287,16
2007,,9,0,13.163569,5302657,24697.863,54433.145,,18422,288,5
1992,,7,0,18.169592,0,209.84709,5614.819,,,289,16
2008,,32,0,12.828784,4692401.5,26164.584,55948.562,,10511,290,5
1993,,7,0,18.837755,0,212.99562,5657.9,,,291,16
2006,,0,0,0.011053416,0,2.705119,140.29532,,,292,2
2009,,32,0,12.453303,4166695.8,27782.988,57351.56,,2019,293,5
2007,,0,0,0.0106599545,0,2.559985,135.0837,,,294,2
2010,,37,0,12.063908,4021064.8,29676.906,58637.992,,1484,295,5
2008,,0,0,0.010366663,0,2.4835765,129.90475,,,296,2
1994,,14,0,19.221846,0,215.19698,5685.8037,,3,297,16
2009,,0,0,0.0102469465,0,2.385676,125.13413,,,298,2
1995,,0,0,19.401659,0,230.5945,5696.899,,3,299,16
2011,,6,0,11.604606,4194396,31732.162,59478.727,,1810,300,5
2010,,0,0,0.0103962235,0,2.3353004,121.22562,,,301,2
2012,,0,0,11.039229,4403571.5,33387.836,59712.68,,1215,302,5
1996,,0,0,19.429785,0,261.8729,5703.508,,,303,16
2013,,0,0,10.417461,4646445.5,34408.105,59642.93,,6655,304,5
1997,,0,0,19.212147,0,304.66144,5707.8975,,,305,16
2014,,0,0,9.800037,4920422,35154.387,59630.53,,213,306,5
1998,,0,0,18.898495,0,368.11362,5707.5923,,,307,16
2011,,0,0,0.01075592,0,2.4660115,117.806366,,,308,2
1999,,0,0,18.532574,0,438.31775,5697.0205,,,309,16
2012,,0,0,0.01119073,0,2.3746042,114.17741,,,310,2
2015,,0,0,9.250467,5221958,36338.656,60086.812,,,311,5
2000,,0,0,18.326517,0,518.41815,5672.1216,,,312,16
2013,,0,0,0.011662849,0,2.2445052,110.22334,,,313,2
2016,,0,0,8.74512,5841198,38198.617,60953.48,,78,314,5
2014,,0,0,0.012138092,0,2.4224427,106.195076,,,315,2
2015,,0,0,0.012588923,0,2.6274543,102.467834,,,316,2
2017,,0,0,8.358166,6407805.5,40191.227,61982.406,,828,317,5
2001,,0,0,18.36031,0,587.90625,5622.7124,,,318,16
2018,,0,1,8.120007,6540698,42326.47,62715.062,,1546,319,5
1986,,0,0,,,,,,,320,10
2002,,0,0,18.5995,0,649.3107,5543.7534,,,321,16
2016,,0,0,0.013460109,0,2.661325,97.58413,,,322,2
2019,,153,1,7.964379,6475958,43510.58,62933.6,,,323,5
2003,,0,0,19.029427,0,692.7518,5455.638,,,324,16
1987,,0,0,,,,,,,325,10
2004,,0,0,19.691963,0,721.7441,5371.1455,,,326,16
1988,,0,0,,,,,,,327,10
2017,,0,0,0.014326912,0,2.6962876,94.34844,,,328,2
2005,,0,0,20.26118,0,714.4496,5295.096,,,329,16
1989,,0,0,,,,,,,330,10
2018,,0,0,0.0145095,0,2.728043,94.39895,,,331,2
2020,,6,1,,,,,,,332,5
1990,,0,0,0.007856384,0,639.50415,1133.4965,,2,333,10
2019,,0,0,0.014224869,0,2.6898444,95.83574,,,334,2
1980,,0,0,,,,,,,335,6
2006,,0,0,20.782568,0,674.9848,5228.134,,,336,16
2020,,0,0,,,,,,,337,2
1981,,0,0,,,,,,,338,6
2007,,0,0,21.095892,0,659.5507,5152.5186,,,339,16
1991,,0,0,0.007123984,0,634.411,1100.5679,,,340,10
1980,,812,0,,,,,,614,341,3
1982,,0,0,,,,,,,342,6
2008,,0,0,21.375154,0,665.6059,5060.0093,,,343,16
1992,,0,0,0.006466202,0,582.9502,1066.943,,,344,10
1981,,798,0,,,,,,,345,3
1983,,0,0,,,,,,,346,6
2009,,0,0,21.462952,0,715.26886,4933.2944,,,347,16
1993,,0,0,0.005877945,0,506.71774,1034.3431,,1,348,10
2010,,0,0,21.366903,0,810.5629,4759.3535,,,349,16
1994,,0,0,0.00541193,0,393.3486,1004.01465,,1,350,10
1982,,497,0,,,,,,,351,3
2011,,0,0,20.822056,0,920.36633,4477.5825,,,352,16
1984,,0,0,,,,,,,353,6
1995,,0,0,0.005121655,0,355.7155,976.9969,,,354,10
1983,,924,0,,,,,,218,355,3
1985,,0,0,,,,,,,356,6
1984,,756,0,,,,,,45,357,3
1986,,0,0,,,,,,,358,6
1985,,462,0,,,,,,,359,3
2012,,0,0,19.854893,0,1068.4408,4088.549,,,360,16
1996,,0,0,0.005048178,0,343.77332,949.2798,,1,361,10
1987,,0,0,,,,,,,362,6
1997,,0,0,0.0052234707,0,400.15958,918.451,,,363,10
1988,,0,0,,,,,,,364,6
2013,,0,0,18.810736,0,1255.2542,3679.971,,,365,16
1986,,203,0,,,,,,,366,3
2014,,0,0,17.951342,0,1439.0386,3326.3794,,,367,16
1987,,245,0,,,,,,1507,368,3
1998,,0,0,0.0055390135,0,423.6453,886.5247,,1,369,10
2015,,0,0,17.473274,0,1645.9948,3108.5933,,,370,16
1988,,63,0,,,,,,699,371,3
1989,,0,0,,,,,,,372,6
1999,,0,0,0.0058989534,0,479.4192,856.34717,,1,373,10
2016,,0,0,17.452972,0,1880.5791,3011.7744,,,374,16
1990,,0,0,0.0015899013,0,15.696256,20.818546,,,375,6
2000,,0,0,0.0061748195,0,577.03345,831.2583,,,376,10
1989,,126,0,,,,,,393,377,3
1991,,0,0,0.0014326775,0,15.923891,20.712685,,,378,6
2017,,0,0,17.40918,0,1921.08,2925.9548,,,379,16
1990,,14,0,1.7746575,2428.5056,124.47287,10231.118,,1299,380,3
1992,,0,0,0.0012914663,0,15.950966,20.687006,,,381,6
2001,,0,0,0.0064385533,0,678.1848,805.5253,,0,382,10
2018,,0,0,17.444801,0,2025.0381,2812.5198,,,383,16
1993,,0,0,0.0011784371,0,16.243483,20.727335,,,384,6
2002,,0,0,0.0068854713,0,687.5939,774.4428,,1,385,10
1994,,0,0,0.0011075264,0,16.304415,20.824245,,,386,6
1991,,0,0,1.7726839,2030.1178,135.8765,9977.904,,,387,3
2003,,0,0,0.0073836367,0,699.3541,742.6282,,,388,10
2019,,0,0,17.357056,0,1987.6143,2676.3665,,,389,16
1992,,7,0,1.7645701,1641.9749,158.94077,9721.126,,69,390,3
2020,,0,0,,,,,,,391,16
2004,,0,0,0.00780996,0,680.22534,715.24084,,,392,10
1980,,7,0,,,,,,1,393,17
1995,,0,0,0.0010932273,0,16.222788,20.973719,,,394,6
2005,,0,0,0.008073101,0,593.8486,696.8655,,1,395,10
2006,,0,0,0.007989534,0,617.74524,683.8261,,,396,10
1996,,0,0,0.0011124441,0,15.953433,21.114431,,,397,6
1981,,0,0,,,,,,,398,17
1997,,0,0,0.0011338973,0,16.591475,21.214771,,,399,6
1982,,0,0,,,,,,,400,17
1998,,0,0,0.0011632809,0,17.168034,21.327318,,,401,6
2007,,0,0,0.0077709765,0,571.6656,670.5201,,,402,10
1983,,7,0,,,,,,1,403,17
1999,,0,0,0.0012090291,0,16.322075,21.515339,,,404,6
2008,,0,0,0.007555033,0,574.5099,657.0637,,,405,10
2009,,0,0,0.007470162,0,631.39575,643.3374,,,406,10
2010,45,0,0,46.3769,3672151.2,5233.893,12574.599,,983,407,19
1984,,0,0,,,,,,1,408,17
2000,,0,0,0.0012793491,0,14.970841,21.837103,,,409,6
1985,,0,0,,,,,,1,410,17
2012,11,0,0,49.601185,4033745,5091.9155,13094.752,,625,411,19
2010,,0,0,0.00777438,0,643.761,629.49524,,,412,10
2001,,0,0,0.0013909283,0,13.832178,22.383984,,,413,6
1986,,0,0,,,,,,,414,17
2011,,0,0,0.008050023,0,700.55994,612.73004,,,415,10
2002,,0,0,0.0015385192,0,12.421225,23.101402,,,416,6
1980,,1085,0,,,,,,3,417,19
1987,,0,0,,,,,,,418,17
2003,,0,0,0.0017025145,0,11.070621,23.848896,,,419,6
1981,,1505,0,,,,,,2,420,19
1988,,0,0,,,,,,,421,17
2012,,0,0,0.008516049,0,747.05133,592.64575,,,422,10
2004,,0,0,0.0018630532,0,10.333011,24.472168,,,423,6
1989,,14,0,,,,,,,424,17
1982,,966,0,,,,,,3,425,19
2013,,0,0,0.008983271,0,661.09265,572.397,,,426,10
1990,,0,0,0.013685222,0,822.1403,1266.579,,,427,17
1983,,413,0,,,,,,1,428,19
2014,,0,0,0.009481388,0,632.59296,555.5873,,,429,10
2005,,0,0,0.0020007084,0,10.164899,24.80878,,,430,6
1984,,364,0,,,,,,1,431,19
2015,,0,0,0.009986834,0,585.41235,545.7482,,,432,10
2006,,0,0,0.0021605596,0,10.608372,24.807974,,,433,6
1985,,623,0,,,,,,,434,19
2016,,0,0,0.00891423,0,662.14484,539.00397,,,435,10
1986,,665,0,,,,,,243,436,19
1987,,518,400,,,,,,,437,19
2007,,0,0,0.0023902059,0,11.35329,24.571507,,,438,6
1988,,217,13892,,,,,,,439,19
2008,,0,0,0.0026680196,0,14.239348,24.17902,,,440,6
2017,,0,0,0.007568444,0,665.4822,533.23883,,,441,10
1989,,385,7172,,,,,,,442,19
2010,,0,0,0.0032946493,0,18.951378,23.278795,,,443,6
2018,,0,0,0.0074531473,0,666.5336,531.33276,,,444,10
1990,,567,37414,37.086082,2157492.5,1916.0867,9446.857,,,445,19
2019,,0,0,0.007492548,0,671.0829,532.34015,,,446,10
1991,,126,4006,37.6878,2225971,3785.2214,9490.304,,7474,447,19
1980,,224,0,,,,,,,448,7
2020,,0,0,,,,,,,449,10
1992,,623,4315,38.224003,2293668.5,6124.4043,9537.654,,413,450,19
1981,,14,0,,,,,,,451,7
1991,,147,0,13.249931,4802.8945,51.790146,5120.582,,,452,11
1993,,119,16334,38.80163,2360386.8,8215.1045,9600.913,,10,453,19
1982,,84,0,,,,,,,454,7
1994,,399,4302,39.310184,2426459.5,9423.16,9682.82,,187,455,19
1995,,49,2273,39.757984,2492644,9658.938,9787.834,,203,456,19
1992,,154,0,14.004584,8835.644,54.895817,5485.174,,,457,11
1996,,7,1427,40.17089,2551024.2,9270.626,9925.693,,6190,458,19
1997,,3,855,40.350967,2599431.5,8655.128,10077.255,,796,459,19
1998,,9,695,40.39168,2646185.2,8041.921,10239.509,,206,460,19
1993,,483,0,14.687267,12040.165,58.71049,5794.533,,,461,11
1994,,112,0,15.207784,14208.158,63.710827,6029.7896,,18,462,11
1999,,41,492,40.594364,2700596.8,7527.045,10408.344,,855,463,19
1995,,35,0,15.644182,15122.474,69.74036,6174.878,,,464,11
2000,,1,186,41.186474,2772889,7123.5044,10572.767,,468,465,19
1996,,0,0,15.917799,14762.9,77.74702,6265.1616,,,466,11
2001,,0,172,41.948437,2915583,6803.0283,10709.998,,3943,467,19
1997,,0,0,16.159271,13487.223,84.98121,6351.6255,,,468,11
2002,,0,181,42.779755,3146611.8,6538.3794,10809.631,,270,469,19
2003,,2,30,43.72317,3418834.8,6307.468,10903.394,,434,470,19
1991,,0,0,0.012464642,0,908.95264,1222.1287,,,471,17
2004,,7,3,44.659725,3678848.2,6113.61,11023.615,,642,472,19
1998,,0,0,16.248281,11661.667,88.011246,6431.639,,,473,11
2005,,0,1,45.52215,3865651,5953.7954,11214.356,,749,474,19
2006,,0,0,46.045246,3914863.8,5888.8037,11463.51,,91,475,19
1999,,0,0,16.245728,9688.228,87.026306,6512.786,,,476,11
2007,,0,0,45.998764,3847735.8,5782.6587,11728.138,,,477,19
1992,,0,0,0.0113131935,0,1019.6906,1181.0869,,1,478,17
2000,,0,0,16.022724,7978.43,84.404755,6595.5557,,,479,11
2008,,7,0,45.717953,3731514.8,5502.2993,12006.054,,985,480,19
1993,,0,0,0.01026026,0,1080.5725,1146.3193,,1,481,17
2001,,0,0,15.364539,6364.8516,78.70482,6653.588,,,482,11
2009,,22,0,45.67737,3643694.8,5306.3413,12291.566,,74,483,19
1994,,0,0,0.009454718,0,1125.1593,1121.1691,,1,484,17
2002,,0,0,13.993611,4550.842,78.70301,6659.024,,,485,11
2011,,0,0,47.802372,3826078,5132.8916,12845.084,,755,486,19
1995,,0,0,0.008984055,0,1113.8798,1108.7953,,,487,17
2013,,0,0,51.62712,4265987.5,5027.981,13335.798,,528,488,19
1996,,0,0,0.008719874,0,1079.4645,1100.3625,,,489,17
2003,,0,0,12.388329,2811.4165,79.56264,6622.342,,,490,11
2014,,0,0,53.69093,4489937,4563.527,13570.795,,832,491,19
2004,,0,0,10.785144,1439.2867,83.12303,6552.644,,,492,11
2015,,0,0,55.59116,4668468.5,4016.9297,13796.397,,,493,19
2016,,0,0,57.216972,4771616.5,3684.3767,14012.608,,761,494,19
1997,,0,0,0.008498837,0,1013.33813,1086.723,,,495,17
1983,,182,0,,,,,,,496,7
2005,,0,0,9.632432,746.04865,89.44233,6463.4077,,,497,11
2017,,0,0,58.370663,4845689.5,3459.9934,14190.117,,11,498,19
1998,,0,0,0.008350205,0,914.6605,1069.8293,,,499,17
2006,,0,0,8.745838,520.0787,98.803925,6337.636,,,500,11
1984,,7,0,,,,,,,501,7
2018,,0,0,57.6133,4918460,3253.1973,14172.662,,,502,19
1999,,0,0,0.008341569,0,866.5748,1052.6124,,,503,17
2007,,0,0,7.9273057,333.8222,111.61113,6174.9824,,,504,11
1985,,14,0,,,,,,,505,7
2019,,9,0,54.624016,4975787,3102.3525,13899.606,,50,506,19
2000,,0,0,0.008560617,0,942.00256,1038.4095,,,507,17
2020,,3,0,,,,,,232,508,19
2001,,0,0,0.00903759,0,1012.00073,1023.66693,,,509,17
1980,,42,0,,,,,,,510,20
2008,,0,0,7.161968,190.76675,127.49264,6004.388,,,511,11
1986,,0,0,,,,,,,512,7
1981,,0,0,,,,,,,513,20
2009,,0,0,6.632153,94.8304,151.53418,5861.79,,,514,11
1982,,0,0,,,,,,,515,20
2002,,0,0,0.009782253,0,1065.0303,1005.2929,,,516,17
2010,,0,0,6.352415,49.982643,159.7667,5780.852,,,517,11
1987,,0,0,,,,,,,518,7
1984,,49,0,,,,,,,519,20
1988,,0,0,,,,,,,520,7
1985,,14,0,,,,,,,521,20
2003,,0,0,0.010733596,0,1089.0441,985.96735,,,522,17
1986,,42,0,,,,,,,523,20
2011,,0,0,6.282623,33.329826,231.52658,5741.7905,,,524,11
2004,,0,0,0.011862022,0,1129.0245,968.7854,,1,525,17
1989,,0,0,,,,,,,526,7
1987,,0,0,,,,,,,527,20
2012,,0,0,6.1978045,19.509794,257.01102,5704.014,,,528,11
2005,,0,0,0.012963325,0,1197.0104,956.58154,,2,529,17
1990,,0,0,1.5078027,1660.0945,5156.753,7092.7104,,,530,7
1988,,252,0,,,,,,,531,20
2006,,0,0,0.014295293,0,1184.9729,946.25586,,,532,17
1989,,0,0,,,,,,,533,20
2013,,0,0,6.1435556,9.012619,270.8732,5674.2812,,,534,11
1990,,0,0,4.537616,283252.53,25.195093,1603.0831,,,535,20
1991,,0,0,1.3015058,1544.3666,5359.861,6854.8477,,,536,7
2014,,0,0,6.09042,2.3394532,288.11484,5660.4814,,,537,11
2007,,0,0,0.01602616,0,1227.9221,934.36224,,,538,17
1991,,0,0,4.2959814,219335.47,22.765972,1528.1729,,422,539,20
1992,,0,0,1.1063824,1426.5679,5394.1147,6636.898,,,540,7
2015,,0,0,6.0905232,0,292.44003,5671.4785,,,541,11
2008,,0,0,0.017718885,0,1125.9583,922.40436,,,542,17
1993,,0,0,0.9345812,1307.2181,5397.697,6448.022,,2350,543,7
2016,,0,0,6.113381,0,294.2168,5733.8506,,,544,11
1994,,0,0,0.7994036,1186.8014,5499.325,6298.851,,889,545,7
1992,,0,0,4.11237,166941.86,21.48005,1472.7197,,494,546,20
1995,,0,0,0.7146847,1065.2274,5709.5503,6200.8174,,188,547,7
2009,,0,0,0.019485304,0,1055.0078,912.1978,,,548,17
1993,,0,0,4.016159,126903.07,22.080523,1445.9978,,,549,20
2010,,0,0,0.021662993,0,1009.99927,905.64026,,,550,17
1994,,0,0,3.9559896,96805.984,22.808584,1427.4858,,,551,20
2011,,0,0,0.022669978,0,929.194,900.81335,,,552,17
1995,,0,0,3.9211993,77667.53,24.39267,1411.4991,,25,553,20
2012,,0,0,0.022039864,0,888.3035,894.3077,,,554,17
1997,,0,0,3.8229947,54090.793,28.747353,1353.5839,,,555,20
1996,,0,0,0.65925753,931.68604,5889.9565,6151.465,,474,556,7
1997,,0,0,0.60611075,785.8901,6477.307,6130.5073,,637,557,7
1998,,0,0,0.5609319,644.00653,6927.8657,6121.401,,12,558,7
2013,,0,0,0.0202902,0,895.9986,886.1583,,,559,17
1998,,2,0,3.7350466,44492.22,31.05694,1310.3729,,19,560,20
1999,,0,0,0.52975124,522.86444,6833.344,6106.7817,,,561,7
2014,,0,0,0.018462662,0,924.0327,877.1536,,,562,17
1999,,0,0,3.625098,36708.375,33.457245,1263.3945,,,563,20
2000,,0,0,0.51903343,440.08246,6992.8066,6072.0215,,,564,7
2015,,0,0,0.017914094,0,941.74725,868.4676,,,565,17
2000,,0,0,3.505536,31088.531,35.694695,1220.3273,,,566,20
2001,,0,0,0.5222578,390.39594,6977.131,6006.7197,,,567,7
2016,,0,0,0.018936608,0,956.13257,855.0628,,,568,17
2001,,0,0,3.3331864,26195.09,37.877575,1181.6959,,,569,20
2017,,0,0,0.019862575,0,945.7535,841.72296,,,570,17
2002,,0,0,3.0901964,20828.06,40.03678,1143.8561,,,571,20
2002,,0,0,0.5285838,352.68164,7153.6494,5916.2227,,,572,7
2003,,0,0,2.825276,15594.679,42.43126,1105.996,,,573,20
2003,,0,0,0.5368071,321.135,7185.4443,5808.9546,,,574,7
2018,,0,0,0.019413032,0,934.50635,833.8435,,,575,17
2004,,0,0,0.54585195,289.68842,7153.8696,5693.6387,,,576,7
2019,,0,0,0.017775036,0,934.999,827.1862,,,577,17
2005,,0,0,0.55436337,251.87672,7328.543,5579.6724,,,578,7
2004,,0,0,2.5888693,11138.241,44.471638,1067.413,,,579,20
2020,,0,0,,,,,,,580,17
2006,,0,0,0.55728906,198.4892,7919.3257,5442.091,,,581,7
2005,,0,0,2.438347,8155.25,47.175518,1030.9254,,,582,20
2006,,0,0,2.3658931,6249.6885,50.298676,997.2474,,,583,20
1980,,21,0,,,,,,,584,18
1981,,0,0,,,,,,,585,18
2007,,0,0,0.5531797,133.17249,8252.138,5272.925,,,586,7
2007,,0,0,2.3196046,4587.57,53.080044,966.01324,,,587,20
2017,,0,0,6.201328,0,298.65662,5784.644,,,588,11
2008,,0,0,2.2912552,3206.644,56.797447,939.08,,,589,20
1982,,0,0,,,,,,,590,18
2018,,0,0,6.317775,0,303.5262,5667.425,,,591,11
2008,,0,0,0.54535526,69.01507,8418.49,5111.187,,,592,7
1983,,0,0,,,,,,,593,18
2009,,0,0,2.2674594,2152.5989,60.017067,916.2593,,,594,20
2009,,0,0,0.537463,19.778528,8638.933,4994.149,,,595,7
1984,,0,0,,,,,,,596,18
2010,,0,0,2.2370682,1496.3928,62.89119,898.9573,,,597,20
2010,,0,0,0.53342724,0,8522.109,4956.657,,,598,7
2019,,0,0,6.4710073,0,304.82303,5386.9526,,,599,11
1985,,0,0,,,,,,,600,18
2011,,0,0,2.1793964,1087.2994,68.05614,884.2922,,,601,20
2011,,0,0,0.53210765,0,8934.269,5058.7803,,,602,7
2020,,0,0,,,,,,,603,11
1986,,0,0,,,,,,,604,18
2012,,0,0,2.087356,728.98267,70.17269,866.5601,,,605,20
1980,,0,0,,,,,,,606,12
1981,,0,0,,,,,,,607,12
2012,,0,0,0.52998716,0,9233.937,5281.4766,,,608,7
2013,,0,0,0.5286387,0,9265.105,5544.8135,,,609,7
2013,,0,0,1.9807339,439.12784,72.133446,847.1412,,,610,20
1987,,0,0,,,,,,,611,18
1982,,0,0,,,,,,,612,12
1988,,0,0,,,,,,,613,18
2014,,0,0,0.5297483,0,9576.999,5765.7075,,,614,7
2014,,0,0,1.8813996,232.19106,76.26368,828.35504,,,615,20
1989,,0,0,,,,,,,616,18
1983,,0,0,,,,,,,617,12
2015,,0,0,0.53504884,0,9954.536,5853.3877,,,618,7
2015,,0,0,1.8080677,118.77861,77.64037,811.0164,,,619,20
1990,,0,0,0.019758154,6051.6616,57.639984,67.990364,,,620,18
1984,,0,0,,,,,,,621,12
2016,,0,0,0.55013776,0,10449.229,5781.7915,,,622,7
2016,,0,0,1.7567648,63.117958,75.843124,794.7175,,,623,20
1991,,0,0,0.014403569,5701.5366,62.234108,69.224335,,,624,18
1985,,0,0,,,,,,,625,12
2017,,0,0,1.7150006,38.087547,75.7578,778.51245,,,626,20
1992,,0,0,0.009641094,5358.997,67.29755,70.3936,,159,627,18
1986,,0,0,,,,,,,628,12
2018,,0,0,1.6749796,47.06151,75.47474,755.5536,,,629,20
2017,,0,0,0.56505936,0,10999.95,5692.883,,,630,7
1987,,0,0,,,,,,,631,12
2018,,0,0,0.5696193,0,11539.661,5643.045,,,632,7
2019,,0,0,0.5678664,0,11633.454,5596.742,,,633,7
1993,,0,0,0.0057951747,5033.0776,72.591805,71.561035,,135,634,18
1988,,0,0,,,,,,,635,12
2019,,0,0,1.6316248,80.26916,74.84879,724.7581,,,636,20
1994,,0,0,0.00322754,4733.31,78.01147,72.79789,,6,637,18
2020,,0,0,,,,,,,638,20
2020,,0,0,,,,,,,639,7
1995,,0,0,0.002314402,4470.6104,85.76809,74.190186,,19,640,18
1980,,336,0,,,,,,,641,21
1989,,0,0,,,,,,,642,12
1991,,21,0,8.69053,0,1.9496533,1495.1956,,,643,8
1996,,0,0,0.002816468,4185.059,96.48037,75.32419,,26,644,18
1981,,63,0,,,,,,,645,21
1990,,0,0,0.001654023,0,308.14337,56.097637,,,646,12
1997,,0,0,0.0040523624,3849.7412,107.0988,75.876656,,2,647,18
1982,,70,0,,,,,,,648,21
1991,,0,0,0.0015883755,0,467.7068,54.643467,,,649,12
1992,,7,0,10.066219,0,1.8591231,1405.2369,,,650,8
1983,,49,0,,,,,,,651,21
1992,,0,0,0.0015263952,0,324.62207,53.24946,,,652,12
1993,,0,0,11.406513,0,1.7864699,1332.1367,,,653,8
1998,,0,0,0.005734186,3527.7542,125.97586,76.09775,,28,654,18
1994,,35,0,13.24786,0,2.1334276,1281.5264,,,655,8
1993,,0,0,0.0014713488,0,272.32852,51.953808,,,656,12
1995,,21,0,15.202328,0,3.005632,1259.3013,,,657,8
1999,,0,0,0.007561648,3285.4001,142.95506,76.30561,,12,658,18
1994,,0,0,0.001429142,0,295.05612,50.89464,,,659,12
2000,,0,0,0.009210507,3193.3647,160.13626,76.887886,,,660,18
1996,,0,0,17.64264,89.671646,4.070093,1265.687,,,661,8
2001,,0,0,0.010753179,3193.1475,181.04243,77.20671,,,662,18
1995,,0,0,0.0014017725,0,270.09152,50.25417,,,663,12
1997,,0,0,20.315647,303.6544,5.6772275,1290.4052,,,664,8
2002,,0,0,0.01242991,3171.2844,186.70741,76.67931,,,665,18
1996,,0,0,0.0013550586,0,238.8777,49.75081,,,666,12
1997,,0,0,0.0012737131,0,216.324,49.11809,,,667,12
1998,,0,0,0.0011819494,0,199.9364,48.510662,,,668,12
1998,,0,0,23.029074,559.3444,7.38875,1323.7573,,25,669,8
1999,,0,0,24.947931,773.90295,10.6959095,1356.0282,,,670,8
2000,,0,0,26.292213,864.2048,15.834644,1378.6669,,,671,8
1999,,0,0,0.0011081352,0,145.45026,48.059155,,,672,12
2001,,0,0,24.481815,777.97687,21.899372,1397.4779,,,673,8
2000,,0,0,0.0010848407,0,228.34792,47.904854,,,674,12
2002,,0,0,19.765396,570.8879,27.472624,1419.4644,,,675,8
2001,,0,0,0.0011016225,0,212.40683,47.99915,,,676,12
2002,,0,0,0.001127299,0,201.63835,48.201855,,,677,12
2003,,0,0,13.548273,323.07718,31.88358,1440.3644,,,678,8
2003,,0,0,0.0011672707,0,197.87932,48.484547,,,679,12
2004,,0,0,8.031524,113.89763,35.167538,1455.7915,,,680,8
2004,,0,0,0.0012241902,0,223.2354,48.78568,,,681,12
2005,,0,0,0.001304425,0,225.8238,49.05166,,,682,12
2006,,0,0,0.0014347257,0,211.41199,49.121674,,,683,12
2007,,0,0,0.0016173846,0,214.28442,48.981216,,,684,12
2008,,0,0,0.0018225064,0,210.68214,48.740536,,,685,12
2007,,0,0,1.0851599,1589.5837,16945.457,8407.376,,,686,23
2010,,0,0,0.0021752398,0,216.6256,48.440296,,,687,12
2008,,0,0,1.0888206,2104.1516,16267.13,8573.214,,8,688,23
1980,,42,0,,,,,,,689,13
2009,,0,0,1.0946648,2562.9211,15488.468,8712.902,,15,690,23
1984,,0,0,,,,,,,691,21
1981,,35,0,,,,,,,692,13
1982,,0,0,,,,,,,693,13
2010,,0,0,1.1014996,2798.69,15011.866,8811.434,,,694,23
1983,,0,0,,,,,,,695,13
1985,,0,0,,,,,,,696,21
2011,,0,0,1.1101854,2621.5024,14335.358,8848.719,,,697,23
1986,,28,0,,,,,,,698,21
2012,,0,0,1.1216104,2091.4583,13363.945,8838.533,,,699,23
1984,,0,0,,,,,,,700,13
1987,,49,0,,,,,,,701,21
2013,,0,0,1.1352901,1419.0216,12635.162,8810.602,,,702,23
2003,,0,0,0.014141539,3119.9316,167.85284,75.88374,,,703,18
1988,,7,0,,,,,,,704,21
2014,,0,0,1.1507571,834.60126,12202.227,8793.589,,,705,23
1985,,0,0,,,,,,,706,13
2004,,0,0,0.015779575,3030.218,140.1338,75.494354,,,707,18
2015,,0,0,1.1685572,588.8548,11721.858,8816.726,,,708,23
1986,,0,0,,,,,,,709,13
2005,,0,0,0.017231986,2892.8699,114.59919,76.323425,,,710,18
1989,,14,0,,,,,,,711,21
2016,,0,0,1.1903174,2022.859,11051.832,8927.312,,,712,23
1987,,0,0,,,,,,,713,13
1990,,0,0,6.4129734,524628.5,767.968,13384.729,,,714,21
2017,,0,0,1.2091631,3815.71,10475.684,9040.9,,,715,23
1988,,0,0,,,,,,,716,13
2006,,0,0,0.018660365,2545.5435,107.48909,78.4042,,,717,18
1989,,0,0,,,,,,,718,13
2007,,0,0,0.020239053,1930.5876,102.34638,80.97801,,,719,18
2018,,0,0,1.2163793,4368.898,9741.926,8989.419,,,720,23
1990,,0,0,0.0047965283,0,13.207953,178.12999,,,721,13
2019,,0,0,1.2140039,4492.249,9251.085,8787.783,,,722,23
2008,,0,0,0.021837493,1213.5574,103.760864,83.75067,,,723,18
2020,,0,0,,,,,,,724,23
2010,,0,0,0.024347978,266.39453,134.66939,88.42858,,,725,18
1991,,0,0,0.0048517827,0,13.644559,183.18065,,,726,13
1980,,9394,0,,,,,,,727,24
1992,,0,0,0.00485006,0,13.814355,186.59013,,,728,13
1981,,854,0,,,,,,,729,24
1993,,14,0,0.0048201,0,13.56586,189.23912,,,730,13
1982,,483,0,,,,,,,731,24
1994,,0,0,0.0047784573,0,13.012018,191.77028,,,732,13
1983,,315,0,,,,,,,733,24
1984,,574,0,,,,,,,734,24
1985,,2303,0,,,,,,,735,24
1995,,0,0,0.0047267783,0,12.431893,194.67876,,,736,13
1986,,4284,0,,,,,,,737,24
1996,,0,0,0.0045580757,0,11.890666,197.45547,,,738,13
1987,,1379,0,,,,,,,739,24
1997,,0,0,0.0042431126,0,11.475845,198.84941,,,740,13
1988,,749,0,,,,,,,741,24
1989,,175,0,,,,,,,742,24
1998,,0,0,0.0038762796,0,11.17879,199.46664,,,743,13
1990,,0,0,83.63344,2036859.1,26948.254,63788.08,,,744,24
1999,,0,0,0.0035653266,0,11.034436,200.03319,,,745,13
1991,,0,0,69.74914,2025053.6,24791.227,66109.195,,2103,746,24
1992,,0,0,56.735336,2002818.4,24989.883,68097.39,,30317,747,24
1993,,0,0,45.39826,1973263.4,26734.35,69807.12,,59212,748,24
1987,,63,0,,,,,,,749,28
1994,,0,0,36.56222,1939571.8,29024.24,71317.95,,49455,750,24
1995,,0,0,31.059652,1904921.1,31690.27,72731.24,,15915,751,24
1988,,84,0,,,,,,,752,28
1996,,0,0,27.892899,1855068,36261.746,72761.75,,5522,753,24
1989,,154,0,,,,,,,754,28
1997,,0,0,25.383741,1783854.8,41368.48,70750.04,,2881,755,24
1990,,70,0,41.612972,2621195.8,38694.336,27878.121,,82,756,28
1998,,0,0,23.345978,1706992.2,46679.664,67787.5,,2571,757,24
1991,,49,0,40.360218,2593931,39230.254,26914.117,,3,758,28
1999,,0,0,21.580233,1641416.1,52335.84,65099.94,,4495,759,24
1992,,91,0,39.112236,2557917,37168.832,26022.695,,479,760,28
2000,,0,0,19.875423,1605159.5,50734.56,64063.59,,715,761,24
1993,,35,0,39.99288,2670138.2,33066.74,26490.852,,78,762,28
2001,,0,0,17.978935,1576930,46624.977,64391.93,,7,763,24
1994,,301,0,40.483334,2749876.8,28945.924,26717.982,,562,764,28
2002,,0,0,15.875821,1530313.2,45399.36,64827.934,,,765,24
1995,,70,0,39.486084,2697561,24749.773,26032.125,,2297,766,28
2003,,0,0,13.719372,1477403.6,45136.887,65351.02,,,767,24
1996,,30,0,38.98673,2675948.8,20697.674,25733.139,,418,768,28
1991,,0,0,5.9606957,488725,762.9625,13392.261,,206,769,21
2004,,0,0,11.675186,1431827.8,45298.367,65916.54,,21,770,24
1992,,0,0,5.508675,451223.78,772.9805,13398.249,,22260,771,21
1997,,0,0,39.541195,2722308.2,17601.545,26045.223,,1959,772,28
2005,,0,0,9.921415,1408911.6,46295.887,66456,,5,773,24
1993,,0,0,5.081058,412753.28,786.0211,13405.585,,10134,774,21
2006,,0,0,8.255371,1340957.6,47101.875,66329.05,,,775,24
1998,,0,0,40.3539,2770592.2,15387.452,26451.96,,1067,776,28
2007,,0,0,6.4833884,1181858.8,47582.098,65261.99,,,777,24
1999,,1,0,41.15714,2801743.8,13633.04,26772.691,,3440,778,28
2000,,0,0,0.0034401282,0,10.112326,201.53638,,,779,13
1994,,0,0,4.6754518,373978.34,792.9892,13411.01,,2710,780,21
2000,,0,0,41.984844,2836395.2,12188.366,27178.38,,1021,781,28
2001,,0,0,0.0035165518,0,10.354997,203.87628,,,782,13
1995,,0,0,4.2980895,335659.12,792.8319,13411.54,,2293,783,21
2008,,0,0,4.8169174,983513.3,49180.832,63774.504,,,784,24
2002,,0,0,0.0037150504,0,10.057216,208.14052,,,785,13
1996,,0,0,3.9221678,288883.6,783.7369,13390.389,,2847,786,21
2003,,0,0,0.0040143463,0,9.969756,215.67548,,,787,13
1997,,0,0,3.528864,230612.72,765.46674,13337.812,,1632,788,21
2001,,0,0,43.156654,2779372.5,10991.756,27591.977,,1003,789,28
2009,,0,0,3.4788373,801651.1,51691.766,62454.12,,,790,24
2002,,0,0,44.785595,2591271.8,9969.407,28092.893,,577,791,28
2010,,0,0,2.7039893,695640.75,54817.996,61961.773,,,792,24
2004,,0,0,0.0043739304,0,10.1595,225.23613,,,793,13
2003,,0,0,46.7202,2341098.2,9091.395,28729.475,,432,794,28
1998,,0,0,3.140107,171280.81,737.4031,13261.228,,466,795,21
2004,,0,0,48.59121,2093036,8269.416,29427.143,,819,796,28
2011,,0,0,2.305674,625064.8,57201.125,62070.21,,1,797,24
2005,,0,0,0.004727148,0,9.792827,234.35295,,,798,13
2005,,0,0,50.14121,1929822.5,7547.212,30219.1,,1309,799,28
1999,,0,0,2.7861104,122467.49,710.93463,13168.22,,,800,21
2012,,0,0,1.9509403,524171.47,59722.184,62119.92,,,801,24
2006,,0,0,50.839634,1841764.8,6994.9146,31109.596,,886,802,28
2006,,0,0,0.0049647135,0,10.473832,241.38885,,,803,13
2000,,0,0,2.500997,96823.89,692.8599,13068.384,,,804,21
2007,,0,0,50.885155,1772790.5,6465.7974,32294.371,,365,805,28
2007,,0,0,0.0050188447,0,11.240419,247.09712,,,806,13
2001,,0,0,2.253631,87350.73,685.63354,12933.063,,,807,21
2013,,0,0,1.6640034,418613.62,62648.29,62171.953,,,808,24
2008,,0,0,50.687214,1730567.9,5930.893,33802.2,,234,809,28
2002,,0,0,2.0071945,78220.95,701.7398,12740.017,,,810,21
2009,,2,0,49.81181,1689237.2,5336.7803,34907.99,,355,811,28
2003,,0,0,1.7792448,69663.7,744.40814,12520.051,,,812,21
2014,,0,0,1.4713116,336343.6,65659.15,62278.97,,,813,24
2010,,0,0,48.86913,1658787.4,4767.4517,35481.75,,333,814,28
2011,,0,0,48.718464,1661124,4369.9375,35986.64,,1072,815,28
2015,,0,0,1.4012498,307484.2,65520.316,62492.06,,,816,24
2004,,0,0,1.5945752,61928.88,814.01843,12304.716,,,817,21
2012,,0,0,48.959656,1679657.4,3994.9783,36406.24,,214,818,28
2016,,0,0,1.5137854,335778.38,65086.71,64088.47,,,819,24
2013,,0,0,48.90931,1694383.4,3598.949,36482.992,,1557,820,28
2005,,0,0,1.4804528,55275.227,909.09235,12129.27,,,821,21
2014,,0,0,48.335136,1703847.4,3167.1284,36354.637,,582,822,28
2006,,0,0,1.4256363,49550.402,1035.0078,11998.645,,,823,21
2017,,0,0,1.6396914,363743.34,64734.395,65635.97,,,824,24
2015,,0,0,47.612984,1733670.2,2755.6187,36760.49,,442,825,28
2007,,0,0,1.3811723,44367.164,1169.4858,11884.305,,,826,21
2016,,0,0,45.83992,2264246.8,2441.3696,38414.684,,434,827,28
2008,,0,0,1.3489034,39623.164,1312.0088,11779.463,,,828,21
2018,,0,0,1.6205786,337189,64317.918,65528.69,,,829,24
2017,,0,0,45.141632,2849179.2,2183.879,40606.58,,399,830,28
2009,,0,0,1.3279519,35201.965,1434.5494,11673.098,,,831,21
2018,,0,0,46.92722,2779090.5,1974.1166,41963.51,,92,832,28
2019,,0,0,1.5104233,259752.39,64763.234,64641.355,,,833,24
2019,,0,0,49.534466,2258965.5,1885.2888,42492.14,,1145,834,28
2020,,0,0,,,,,,,835,24
2003,,0,0,1.2618036,202.80865,245.66447,646.10803,,,836,32
2020,,0,0,,,,,,277,837,28
2010,,0,0,1.3172007,30969.781,1542.8296,11554.039,,,838,21
1980,,4137,0,,,,,,,839,29
2011,,0,0,1.3114159,26780.662,1589.3987,11425.822,,,840,21
2004,,0,0,1.2212579,144.37628,239.23541,645.007,,,841,32
1980,,0,0,,,,,,,842,25
1981,,3976,0,,,,,,,843,29
2012,,0,0,1.3142883,22671.71,1583.6582,11291.325,,,844,21
2005,,0,0,1.1902068,115.84554,230.18329,642.7247,,0,845,32
1982,,5705,0,,,,,,,846,29
1981,,0,0,,,,,,,847,25
2013,,0,0,1.3190622,18775.488,1627.7424,11138.6045,,,848,21
2006,,0,0,1.1681001,112.02532,219.34888,637.8763,,0,849,32
1983,,910,0,,,,,,,850,29
2014,,0,0,1.3209883,15232.869,1650.5504,10953.245,,,851,21
2007,,0,0,1.1434017,110.42789,211.53564,629.93604,,,852,32
1984,,6818,0,,,,,,,853,29
1982,,0,0,,,,,,6,854,25
2008,,0,0,1.1197964,109.65689,206.79573,620.07825,,,855,32
1985,,6517,0,,,,,,,856,29
2015,,0,0,1.3144938,12194.988,1636.8777,10720.153,,,857,21
1983,,0,0,,,,,,,858,25
1986,,4396,0,,,,,,,859,29
2009,,0,0,1.1013669,108.21219,202.49733,609.75195,,,860,32
1987,,2142,0,,,,,,474,861,29
1984,,0,0,,,,,,,862,25
2010,,0,0,1.0925264,104.471756,196.37244,600.5906,,,863,32
2016,,0,0,1.2821299,9713.518,1560.6143,10352.169,,,864,21
1988,,728,0,,,,,,56,865,29
2011,,0,0,1.0917242,91.56047,187.92882,591.4352,,,866,32
2017,,0,0,1.2490672,7709.8633,1572.9089,10036.032,,,867,21
1989,,1253,0,,,,,,47,868,29
1985,,0,0,,,,,,,869,25
2012,,0,0,1.0965122,68.28722,179.74242,580.5536,,,870,32
2018,,0,0,1.2434165,6266.4175,1586.8198,9901.166,,,871,21
1990,,441,0,117.88535,420439.03,1006.67725,42946.72,,5,872,29
2013,,0,0,1.1039553,41.855164,174.52614,569.3821,,,873,32
2019,,0,0,1.2495567,5407.9565,1597.6351,9847.986,,,874,21
1986,,0,0,,,,,,,875,25
1991,,588,0,123.03218,375043.94,3088.3293,43405.387,,770,876,29
2014,,0,0,1.1113054,19.980108,168.51129,559.32965,,,877,32
1992,,1022,0,127.54882,336552.06,8548.342,43964.164,,1229,878,29
1987,,0,0,,,,,,,879,25
2015,,0,0,1.1159295,10.8895445,161.03326,551.80835,,,880,32
2020,,0,0,,,,,,,881,21
1993,,945,0,131.26085,306870.72,16321.126,44598.87,,2252,882,29
2016,,0,0,1.1056097,328.53705,152.7745,547.91833,,,883,32
1991,,0,0,1.3063489,0,5.974386,1252.3068,,,884,22
1994,,2079,0,134.10736,288857.3,21784.418,45297.88,,3085,885,29
1988,,0,0,,,,,,,886,25
2017,,0,0,1.0930256,741.59186,143.62468,542.60236,,,887,32
1995,,910,0,136.34418,286054.06,24035.6,46180.695,,4190,888,29
2018,,0,0,1.0872078,1668.9316,133.0661,526.45636,,,889,32
1992,,0,0,1.3380651,0,5.6403766,1240.075,,,890,22
1996,,93,0,137.4516,302571.2,20805.357,47338.324,,740,891,29
1989,,0,0,,,,,,,892,25
2019,,0,0,1.0783377,3428.1602,126.587456,499.0362,,,893,32
1993,,0,0,1.3727772,0,5.188512,1219.8723,,,894,22
1997,,9,0,137.04605,334736.8,17150.389,48773.707,,155,895,29
2020,,0,0,,,,,,,896,32
1990,,0,0,0.058247562,0,4.843064,155.05913,,,897,25
1994,,0,0,1.4178592,0,4.7262645,1193.0165,,,898,22
1998,,0,0,135.4202,373223.03,11812.938,50380.133,,1197,899,29
2008,243,3,0,3.589167,1970063.5,11957.361,21273.451,,,900,33
1995,,0,0,1.4449264,0,4.3690767,1159.1788,,,901,22
1999,,0,0,132.78726,407663.4,9241.51,51936.543,,1711,902,29
1991,,0,0,0.071790025,0,5.538673,154.95436,,,903,25
2012,230,0,0,3.7559445,1960159.8,10450.328,22461.39,,21,904,33
2000,,0,0,129.43309,426963.9,7468.415,53250.133,,,905,29
1980,,147,0,,,,,,,906,33
1992,,0,0,0.08241813,0,6.3724866,155.12416,,,907,25
1996,,0,0,1.461226,0,4.214765,1136.0934,,,908,22
2001,,0,0,123.154594,404768.66,4815.3394,54074.35,,,909,29
1981,,1043,0,,,,,,,910,33
1997,,0,0,1.4364233,0,4.081757,1110.2296,,,911,22
2002,,0,0,112.83096,338468.97,4039.7134,54419.582,,,912,29
1982,,483,0,,,,,,,913,33
1993,,0,0,0.09096214,0,7.1490293,155.61667,,,914,25
2003,,0,0,100.47028,253131.42,3609.584,54487.758,,,915,29
1983,,490,0,,,,,,,916,33
1998,,0,0,1.3927256,0,3.7647285,1063.1956,,,917,22
2004,,0,0,88.140564,175503.38,3521.228,54368.02,,57,918,29
1994,,0,0,0.09763266,0,7.6222715,156.62827,,,919,25
1984,,1232,0,,,,,,,920,33
1999,,0,0,1.3546659,0,3.6532266,1003.3889,,,921,22
2005,,2,0,78.066925,134359.8,3239.461,54295.254,,,922,29
1985,,441,0,,,,,,,923,33
1995,,0,0,0.10267739,0,7.9001513,158.3501,,,924,25
2000,,0,0,1.329481,0,3.6777463,957.51874,,,925,22
2006,,2,0,69.56878,123500.875,3496.2505,53985.332,,,926,29
1986,,665,0,,,,,,,927,33
2007,,0,0,61.002888,115854.28,3702.3672,53164.938,,,928,29
1987,,364,0,,,,,,,929,33
1996,,0,0,0.09953447,0,8.249547,160.86453,,,930,25
2001,,0,0,1.3076755,0,4.212538,932.91364,,,931,22
2008,,0,0,53.19567,110197.945,3480.4854,52123.87,,,932,29
1988,,378,0,,,,,,,933,33
2002,,0,0,1.2444015,0,5.0100594,916.9189,,,934,22
1989,,301,0,,,,,,,935,33
1997,,0,0,0.08332432,0,8.624324,164.09726,,,936,25
2009,,0,0,47.005764,105215.96,3415.0627,51172.633,,39,937,29
2003,,0,0,1.1462514,0,5.862404,904.2905,,,938,22
1990,,196,0,2.963585,1296717.6,36160.594,12932.91,,,939,33
2010,,0,0,43.32286,99478.99,2771.8118,50638.688,,588,940,29
1991,,70,0,3.0661974,1334417.5,32836.76,13590.503,,,941,33
2011,,0,0,41.42641,91812.81,2144.8582,50284.38,,,942,29
1998,,0,0,0.061161462,0,9.194968,167.6241,,,943,25
2004,,0,0,1.034148,0,6.183282,885.7057,,,944,22
1992,,14,0,3.1702607,1375949.5,26514.867,14264.956,,,945,33
2012,,0,0,39.959385,83082.195,1791.7748,49731.21,,,946,29
2005,,0,0,0.9279425,0,6.166904,861.9461,,,947,22
1993,,77,0,3.262146,1415059.2,21884.469,14888.173,,,948,33
1999,,0,0,0.03964211,0,9.484067,171.07318,,93,949,25
2013,,0,0,38.89269,74924.15,1582.1355,49101.88,,,950,29
1994,,224,0,3.338784,1450381.6,19148.164,15440.445,,,951,33
2014,,0,0,38.195347,69103.54,1438.3927,48522.7,,,952,29
1995,,28,18,3.4080615,1486753.6,17609.203,15940.095,,,953,33
2000,,0,0,0.026372349,0,20.853146,174.03363,,,954,25
2015,,0,0,37.83384,67505.195,1299.9856,48126.58,,,955,29
1996,,3,9,3.4667444,1526548.5,16757.037,16414.408,,,956,33
2016,,0,0,37.735912,74756.17,1176.1777,47436.51,,,957,29
1997,,11,5,3.510973,1569140,16226.32,16894.668,,443,958,33
2001,,0,0,0.020040734,0,20.40916,174.2057,,,959,25
2017,,0,0,37.830875,82460.1,1022.10583,47118.29,,,960,29
1998,,7,34,3.5463817,1614498.2,15832.937,17387.652,,22,961,33
2018,,0,0,37.9119,72500.54,956.4579,47268.754,,,962,29
1999,,20,26,3.5681374,1656868.2,15466.335,17852.334,,,963,33
2002,,0,0,0.0137921255,0,20.545778,171.07115,,,964,25
2019,,0,0,37.87594,45388.746,898.8805,47103.652,,,965,29
2000,,3,35,3.5815775,1695260.2,15096.358,18281.168,,,966,33
2020,,0,0,,,,,,48,967,29
2003,,0,0,0.00827144,0,20.121607,166.4339,,,968,25
2001,,0,36,3.5694664,1740802.4,14739.112,18709.459,,,969,33
2010,802,0,0,86.96349,6509393,48530.797,32362.293,,10759,970,30
2002,,0,0,3.5116537,1793359.4,14399.567,19102.914,,,971,33
2004,,0,0,0.004214977,0,19.838978,162.65259,,,972,25
2011,133,0,0,88.5774,6499425.5,46974.5,32931.008,,22433,973,30
2003,,1,0,3.4396312,1848928,14051.888,19480.104,,,974,33
2012,59,0,0,89.89391,6489895.5,44605.207,33240.26,,363,975,30
2004,,60,0,3.3875067,1902654.5,13652.156,19860.234,,320,976,33
2005,,0,0,0.0024107392,0,19.751926,162.21387,,,977,25
2013,97,9,0,91.02134,6496766.5,42617.688,33465.94,,29,978,30
2005,,0,0,3.3856354,1944998,13189.018,20218.385,,0,979,33
2014,530,10,0,92.12273,6537435,40772.77,33763.516,,3355,980,30
2006,,0,0,3.4326255,1966588.5,12762.361,20550.605,,0,981,33
2006,,0,0,0.0019680418,0,20.494265,164.57666,,,982,25
2015,463,0,0,93.33999,6630848.5,38430.363,34334.926,,124,983,30
2007,,0,0,3.5013564,1970893.6,12380.837,20886.268,,,984,33
2007,,0,0,0.0015723995,0,21.314978,167.53415,,,985,25
2016,890,0,0,93.50799,6934269.5,36018.25,35421.566,,,986,30
2009,,16,0,3.6857622,1972016.8,11571.049,21715.129,,,987,33
1980,,1785,0,,,,,,229,988,30
2010,,0,0,3.7749622,1983123,11158.713,22188.22,,,989,33
2008,,0,0,0.001246573,0,22.544987,170.94446,,,990,25
1981,,2331,0,,,,,,243,991,30
2011,,4,0,3.8123589,1989299.1,10732.166,22522.734,,117,992,33
1982,,1610,0,,,,,,5,993,30
2013,,0,0,3.6358962,1904411,10007.935,22130.25,,,994,33
2009,,0,0,0.0010263145,0,25.036013,174.68932,,,995,25
2014,,0,0,3.5346906,1861225,9198.485,21977.152,,,996,33
1983,,1057,0,,,,,,55,997,30
2006,,0,0,0.8108592,0,6.376327,840.70605,,,998,22
2015,,0,0,3.4870713,1839829.6,8295.489,22124.145,,,999,33
1984,,959,0,,,,,,392,1000,30
